species,genus,family,species:wikidata,leaf_cycle,leaf_type
Abelia × grandiflora,Abelia,Caprifoliaceae,,deciduous,broadleaved
Abies alba,Abies,Pinaceae,Q146992,evergreen,needleleaved
Abies amabilis,Abies,Pinaceae,,evergreen,needleleaved
Abies balsamea,Abies,Pinaceae,Q428023,evergreen,needleleaved
Abies bracteata,Abies,Pinaceae,Q1070125,evergreen,needleleaved
Abies canadensis,Abies,Pinaceae,Q1137143,evergreen,needleleaved
Abies cephalonica,Abies,Pinaceae,Q854892,evergreen,needleleaved
Abies cilicica,Abies,Pinaceae,Q974954,evergreen,needleleaved
Abies concolor,Abies,Pinaceae,Q145939,evergreen,needleleaved
Abies firma,Abies,Pinaceae,,evergreen,needleleaved
Abies fraseri,Abies,Pinaceae,Q1451343,evergreen,needleleaved
Abies grandis,Abies,Pinaceae,Q147434,evergreen,needleleaved
Abies holophylla,Abies,Pinaceae,,evergreen,needleleaved
Abies homolepis,Abies,Pinaceae,,evergreen,needleleaved
Abies intermedia,Abies,Pinaceae,Q428023,evergreen,needleleaved
Abies kawakamii,Abies,Pinaceae,Q716580,evergreen,needleleaved
Abies koreana,Abies,Pinaceae,Q390100,evergreen,needleleaved
Abies lasiocarpa,Abies,Pinaceae,Q978755,evergreen,needleleaved
Abies nebrodensis,Abies,Pinaceae,,evergreen,needleleaved
Abies nephrolepis,Abies,Pinaceae,,evergreen,needleleaved
Abies nordmanniana,Abies,Pinaceae,Q148920,evergreen,needleleaved
Abies numidica,Abies,Pinaceae,,evergreen,needleleaved
Abies pindrow,Abies,Pinaceae,Q1036491,evergreen,needleleaved
Abies pinsapo,Abies,Pinaceae,Q849381,evergreen,needleleaved
Abies procera,Abies,Pinaceae,,evergreen,needleleaved
Abies recurvata,Abies,Pinaceae,Q1936162,evergreen,needleleaved
Abies sachalinensis,Abies,Pinaceae,Q1520125,evergreen,needleleaved
Abies sibirica,Abies,Pinaceae,,evergreen,needleleaved
Abies spectabilis,Abies,Pinaceae,,evergreen,needleleaved
Abies veitchii,Abies,Pinaceae,,evergreen,needleleaved
Abies × vilmorinii,Abies,Pinaceae,,deciduous,needleleaved
Acacia acinacea,Acacia,Fabaceae,,deciduous,broadleaved
Acacia aegyptiaca,Acacia,Fabaceae,,deciduous,broadleaved
Acacia auriculiformis,Acacia,Fabaceae,,evergreen,broadleaved
Acacia baileyana,Acacia,Fabaceae,Q9562555,evergreen,broadleaved
Acacia caven,Acacia,Fabaceae,,evergreen,broadleaved
Acacia dealbata,Acacia,Fabaceae,Q757123,evergreen,broadleaved
Acacia decurrens,Acacia,Fabaceae,,evergreen,broadleaved
Acacia dentifera,Acacia,Fabaceae,,deciduous,broadleaved
Acacia fimbriata,Acacia,Fabaceae,,deciduous,broadleaved
Acacia floribunda,Acacia,Fabaceae,Q3296747,evergreen,broadleaved
Acacia heterophylla,Acacia,Fabaceae,,evergreen,broadleaved
Acacia howittii,Acacia,Fabaceae,,deciduous,broadleaved
Acacia implexa,Acacia,Fabaceae,Q2705505,evergreen,broadleaved
Acacia iteaphylla,Acacia,Fabaceae,Q15287407,evergreen,broadleaved
Acacia longifolia,Acacia,Fabaceae,,deciduous,broadleaved
Acacia mearnsii,Acacia,Fabaceae,Q311430,evergreen,broadleaved
Acacia melanoxylon,Acacia,Fabaceae,Q386585,evergreen,broadleaved
Acacia nilotica,Acacia,Fabaceae,,deciduous,broadleaved
Acacia paradoxa,Acacia,Fabaceae,,deciduous,broadleaved
Acacia pendula,Acacia,Fabaceae,,deciduous,broadleaved
Acacia peuce,Acacia,Fabaceae,,evergreen,broadleaved
Acacia podalyriifolia,Acacia,Fabaceae,,deciduous,broadleaved
Acacia pravissima,Acacia,Fabaceae,,deciduous,broadleaved
Acacia pycnantha,Acacia,Fabaceae,Q516233,evergreen,broadleaved
Acacia raddiana,Acacia,Fabaceae,,deciduous,broadleaved
Acacia retinodes,Acacia,Fabaceae,,evergreen,broadleaved
Acacia rubida,Acacia,Fabaceae,,deciduous,broadleaved
Acacia salicina,Acacia,Fabaceae,,deciduous,broadleaved
Acacia saligna,Acacia,Fabaceae,,deciduous,broadleaved
Acacia sophorae,Acacia,Fabaceae,,deciduous,broadleaved
Acacia ulicifolia,Acacia,Fabaceae,,deciduous,broadleaved
Acacia verniciflua,Acacia,Fabaceae,,deciduous,broadleaved
Acacia verticillata,Acacia,Fabaceae,,deciduous,broadleaved
Acca sellowiana,Acca,Myrtaceae,,evergreen,broadleaved
Acer amoenum,Acer,Sapindaceae,,deciduous,broadleaved
Acer buergerianum,Acer,Sapindaceae,Q941891,deciduous,broadleaved
Acer campestre,Acer,Sapindaceae,Q158785,deciduous,broadleaved
Acer capillipes,Acer,Sapindaceae,Q1089472,deciduous,broadleaved
Acer cappadocicum,Acer,Sapindaceae,Q766133,deciduous,broadleaved
Acer carpinifolium,Acer,Sapindaceae,,deciduous,broadleaved
Acer caudatifolium,Acer,Sapindaceae,,deciduous,broadleaved
Acer circinatum,Acer,Sapindaceae,Q568923,deciduous,broadleaved
Acer cissifolium,Acer,Sapindaceae,,deciduous,broadleaved
Acer davidii,Acer,Sapindaceae,Q657935,deciduous,broadleaved
Acer diabolicum,Acer,Sapindaceae,Q722781,deciduous,broadleaved
Acer fabri,Acer,Sapindaceae,Q7213185,evergreen,broadleaved
Acer floridanum,Acer,Sapindaceae,Q15287442,deciduous,broadleaved
Acer freemanii,Acer,Sapindaceae,Q9577378,deciduous,broadleaved
Acer ginnala,Acer,Sapindaceae,Q162728,deciduous,broadleaved
Acer glabrum,Acer,Sapindaceae,Q540650,deciduous,broadleaved
Acer grandidentatum,Acer,Sapindaceae,Q2702054,deciduous,broadleaved
Acer griseum,Acer,Sapindaceae,Q203985,deciduous,broadleaved
Acer heldreichii,Acer,Sapindaceae,,deciduous,broadleaved
Acer henryi,Acer,Sapindaceae,Q608412,deciduous,broadleaved
Acer hyrcanum,Acer,Sapindaceae,,deciduous,broadleaved
Acer japonicum,Acer,Sapindaceae,Q149269,deciduous,broadleaved
Acer leucoderme,Acer,Sapindaceae,Q4224593,deciduous,broadleaved
Acer lobelii,Acer,Sapindaceae,Q15287726,deciduous,broadleaved
Acer macrophyllum,Acer,Sapindaceae,Q599523,deciduous,broadleaved
Acer maximowiczianum,Acer,Sapindaceae,,deciduous,broadleaved
Acer miyabei,Acer,Sapindaceae,Q660569,deciduous,broadleaved
Acer mono,Acer,Sapindaceae,,deciduous,broadleaved
Acer monspessulanum,Acer,Sapindaceae,Q161388,deciduous,broadleaved
Acer neglectum,Acer,Sapindaceae,Q4673185,deciduous,broadleaved
Acer negundo,Acer,Sapindaceae,Q161166,deciduous,broadleaved
Acer nigrum,Acer,Sapindaceae,Q9578380,deciduous,broadleaved
Acer opalus,Acer,Sapindaceae,Q163822,deciduous,broadleaved
Acer paihengii,Acer,Sapindaceae,,deciduous,broadleaved
Acer palmatum,Acer,Sapindaceae,Q269224,deciduous,broadleaved
Acer pensylvanicum,Acer,Sapindaceae,Q1190312,deciduous,broadleaved
Acer pictum,Acer,Sapindaceae,,deciduous,broadleaved
Acer platanoides,Acer,Sapindaceae,Q26745,deciduous,broadleaved
Acer pseudoplatanus,Acer,Sapindaceae,Q156944,deciduous,broadleaved
Acer pseudosieboldianum,Acer,Sapindaceae,Q1043238,deciduous,broadleaved
Acer pycnanthum,Acer,Sapindaceae,,deciduous,broadleaved
Acer rubrum,Acer,Sapindaceae,Q161364,deciduous,broadleaved
Acer rufinerve,Acer,Sapindaceae,,deciduous,broadleaved
Acer saccharinum,Acer,Sapindaceae,Q158301,deciduous,broadleaved
Acer saccharum,Acer,Sapindaceae,Q214733,deciduous,broadleaved
Acer sempervirens,Acer,Sapindaceae,,deciduous,broadleaved
Acer sieboldianum,Acer,Sapindaceae,,deciduous,broadleaved
Acer spicatum,Acer,Sapindaceae,Q762435,deciduous,broadleaved
Acer tataricum,Acer,Sapindaceae,Q162728,deciduous,broadleaved
Acer tegmentosum,Acer,Sapindaceae,,deciduous,broadleaved
Acer triflorum,Acer,Sapindaceae,Q1257409,deciduous,broadleaved
Acer trifolium,Acer,Sapindaceae,Q161388,deciduous,broadleaved
Acer truncatum,Acer,Sapindaceae,,deciduous,broadleaved
Acer velutinum,Acer,Sapindaceae,,deciduous,broadleaved
Acer zoeschense,Acer,Sapindaceae,Q4673185,deciduous,broadleaved
Acer × freemanii,Acer,Sapindaceae,Q9577378,deciduous,broadleaved
Acer × zoeschense,Acer,Sapindaceae,Q4673185,deciduous,broadleaved
Acmena smithii,Acmena,Myrtaceae,,deciduous,broadleaved
Acoelorraphe wrightii,Acoelorraphe,Arecaceae,,deciduous,palm
Acrocomia aculeata,Acrocomia,Arecaceae,,evergreen,palm
Actinidia chinensis,Actinidia,Actinidiaceae,,deciduous,broadleaved
Actinidia deliciosa,Actinidia,Actinidiaceae,,deciduous,broadleaved
Adansonia digitata,Adansonia,Malvaceae,Q158742,deciduous,broadleaved
Adansonia grandidieri,Adansonia,Malvaceae,,deciduous,broadleaved
Adansonia gregorii,Adansonia,Malvaceae,,deciduous,broadleaved
Adenanthera pavonina,Adenanthera,Fabaceae,,evergreen,broadleaved
Adonidia merrillii,Adonidia,Arecaceae,,evergreen,palm
Aegle marmelos,Aegle,Rutaceae,,evergreen,broadleaved
Aesculus californica,Aesculus,Sapindaceae,Q540646,deciduous,broadleaved
Aesculus carnea,Aesculus,Sapindaceae,Q163779,deciduous,broadleaved
Aesculus chinensis,Aesculus,Sapindaceae,Q1074027,deciduous,broadleaved
Aesculus flava,Aesculus,Sapindaceae,Q159620,deciduous,broadleaved
Aesculus glabra,Aesculus,Sapindaceae,Q1813339,deciduous,broadleaved
Aesculus hippocastanum,Aesculus,Sapindaceae,Q26899,deciduous,broadleaved
Aesculus indica,Aesculus,Sapindaceae,Q573132,deciduous,broadleaved
Aesculus parviflora,Aesculus,Sapindaceae,Q162440,deciduous,broadleaved
Aesculus pavia,Aesculus,Sapindaceae,Q159049,deciduous,broadleaved
Aesculus rubicunda,Aesculus,Sapindaceae,Q163779,deciduous,broadleaved
Aesculus sylvatica,Aesculus,Sapindaceae,Q150691,deciduous,broadleaved
Aesculus turbinata,Aesculus,Sapindaceae,,deciduous,broadleaved
Aesculus × carnea,Aesculus,Sapindaceae,Q163779,deciduous,broadleaved
Aesculus × hybrida,Aesculus,Sapindaceae,,deciduous,broadleaved
Aesculus × mutabilis,Aesculus,Sapindaceae,Q15545165,deciduous,broadleaved
Aesculus × neglecta,Aesculus,Sapindaceae,Q508718,deciduous,broadleaved
Aesculus × woerlitzensis,Aesculus,Sapindaceae,Q110875652,deciduous,broadleaved
Aextoxicon punctatum,Aextoxicon,Aextoxicaceae,,evergreen,broadleaved
Afrocarpus falcatus,Afrocarpus,Podocarpaceae,,evergreen,needleleaved
Afrocarpus gracilior,Afrocarpus,Podocarpaceae,,evergreen,needleleaved
Agathis australis,Agathis,Araucariaceae,,evergreen,needleleaved
Agathis robusta,Agathis,Araucariaceae,,evergreen,needleleaved
Agave americana,Agave,Asparagaceae,,evergreen,broadleaved
Agonis flexuosa,Agonis,Myrtaceae,,deciduous,broadleaved
Ailanthus altissima,Ailanthus,Simaroubaceae,Q159570,deciduous,broadleaved
Ailanthus glandulosa,Ailanthus,Simaroubaceae,Q159570,deciduous,broadleaved
Ailanthus vilmoriniana,Ailanthus,Simaroubaceae,Q159570,deciduous,broadleaved
Aiphanes horrida,Aiphanes,Arecaceae,,deciduous,palm
Aiphanes simplex,Aiphanes,Arecaceae,,deciduous,palm
Alangium platanifolium,Alangium,Cornaceae,,deciduous,broadleaved
Albizia julibrissin,Albizia,Fabaceae,Q750307,deciduous,broadleaved
Albizia lebbeck,Albizia,Fabaceae,,evergreen,broadleaved
Albizia procera,Albizia,Fabaceae,,deciduous,broadleaved
Albizia saman,Albizia,Fabaceae,,deciduous,broadleaved
Allocasuarina littoralis,Allocasuarina,Casuarinaceae,,deciduous,broadleaved
Allocasuarina torulosa,Allocasuarina,Casuarinaceae,,deciduous,broadleaved
Allocasuarina verticillata,Allocasuarina,Casuarinaceae,Q4732995,deciduous,broadleaved
Alnus acuminata,Alnus,Betulaceae,,deciduous,broadleaved
Alnus alnobetula,Alnus,Betulaceae,Q20720096,deciduous,broadleaved
Alnus cordata,Alnus,Betulaceae,Q1543689,deciduous,broadleaved
Alnus formosana,Alnus,Betulaceae,Q3926595,deciduous,broadleaved
Alnus glutinosa,Alnus,Betulaceae,Q156904,deciduous,broadleaved
Alnus hirsuta,Alnus,Betulaceae,Q4334198,deciduous,broadleaved
Alnus incana,Alnus,Betulaceae,Q157641,deciduous,broadleaved
Alnus japonica,Alnus,Betulaceae,Q1196169,deciduous,broadleaved
Alnus jorullensis,Alnus,Betulaceae,,deciduous,broadleaved
Alnus maritima,Alnus,Betulaceae,Q2589489,deciduous,broadleaved
Alnus nitida,Alnus,Betulaceae,Q15376140,deciduous,broadleaved
Alnus oblongifolia,Alnus,Betulaceae,Q2839181,deciduous,broadleaved
Alnus pendula,Alnus,Betulaceae,Q4334196,deciduous,broadleaved
Alnus rhombifolia,Alnus,Betulaceae,Q2666303,deciduous,broadleaved
Alnus rubra,Alnus,Betulaceae,Q1818806,deciduous,broadleaved
Alnus serrulata,Alnus,Betulaceae,Q3926580,deciduous,broadleaved
Alnus spaethii,Alnus,Betulaceae,Q19850899,deciduous,broadleaved
Alnus subcordata,Alnus,Betulaceae,Q2666298,deciduous,broadleaved
Alnus viridis,Alnus,Betulaceae,Q20720096,deciduous,broadleaved
Alnus × spaethii,Alnus,Betulaceae,Q19850899,deciduous,broadleaved
Aloe marlothii,Aloe,Asphodelaceae,,evergreen,broadleaved
Alstonia scholaris,Alstonia,Apocynaceae,,evergreen,broadleaved
Amelanchier alnifolia,Amelanchier,Rosaceae,Q164158,deciduous,broadleaved
Amelanchier arborea,Amelanchier,Rosaceae,Q2842647,deciduous,broadleaved
Amelanchier canadensis,Amelanchier,Rosaceae,Q159030,deciduous,broadleaved
Amelanchier grandiflora,Amelanchier,Rosaceae,,deciduous,broadleaved
Amelanchier laevis,Amelanchier,Rosaceae,Q163825,deciduous,broadleaved
Amelanchier lamarckii,Amelanchier,Rosaceae,Q161702,deciduous,broadleaved
Amelanchier ovalis,Amelanchier,Rosaceae,Q159560,deciduous,broadleaved
Amelanchier spicata,Amelanchier,Rosaceae,Q159030,deciduous,broadleaved
Amelanchier × grandiflora,Amelanchier,Rosaceae,Q161702,deciduous,broadleaved
Amelanchier × lamarckii,Amelanchier,Rosaceae,Q161702,deciduous,broadleaved
Amomyrtus meli,Amomyrtus,Myrtaceae,,evergreen,broadleaved
Amygdalus persica,Amygdalus,Rosaceae,Q13189,deciduous,broadleaved
Anacardium occidentale,Anacardium,Anacardiaceae,,evergreen,broadleaved
Anadenanthera colubrina,Anadenanthera,Fabaceae,,deciduous,broadleaved
Andira inermis,Andira,Fabaceae,,evergreen,broadleaved
Angophora costata,Angophora,Myrtaceae,,deciduous,broadleaved
Angophora floribunda,Angophora,Myrtaceae,,deciduous,broadleaved
Angophora hispida,Angophora,Myrtaceae,,deciduous,broadleaved
Annona glabra,Annona,Annonaceae,,evergreen,broadleaved
Annona mucosa,Annona,Annonaceae,,evergreen,broadleaved
Annona muricata,Annona,Annonaceae,,evergreen,broadleaved
Annona reticulata,Annona,Annonaceae,,evergreen,broadleaved
Annona senegalensis,Annona,Annonaceae,,evergreen,broadleaved
Annona squamosa,Annona,Annonaceae,,evergreen,broadleaved
Aphananthe aspera,Aphananthe,Cannabaceae,,deciduous,broadleaved
Aralia elata,Aralia,Araliaceae,,deciduous,broadleaved
Aralia spinosa,Aralia,Araliaceae,,deciduous,broadleaved
Araucaria angustifolia,Araucaria,Araucariaceae,,evergreen,needleleaved
Araucaria araucana,Araucaria,Araucariaceae,Q158780,evergreen,needleleaved
Araucaria bidwillii,Araucaria,Araucariaceae,,evergreen,needleleaved
Araucaria columnaris,Araucaria,Araucariaceae,,evergreen,needleleaved
Araucaria cunninghamii,Araucaria,Araucariaceae,,evergreen,needleleaved
Araucaria excelsa,Araucaria,Araucariaceae,,evergreen,needleleaved
Araucaria heterophylla,Araucaria,Araucariaceae,Q161070,evergreen,needleleaved
Arbutus andrachne,Arbutus,Ericaceae,,evergreen,broadleaved
Arbutus canariensis,Arbutus,Ericaceae,,evergreen,broadleaved
Arbutus menziesii,Arbutus,Ericaceae,,evergreen,broadleaved
Arbutus unedo,Arbutus,Ericaceae,Q329046,evergreen,broadleaved
Archontophoenix alexandrae,Archontophoenix,Arecaceae,,evergreen,palm
Archontophoenix cunninghamiana,Archontophoenix,Arecaceae,,evergreen,palm
Areca catechu,Areca,Arecaceae,,evergreen,palm
Areca triandra,Areca,Arecaceae,,deciduous,palm
Aria devoniensis,Aria,Rosaceae,,deciduous,broadleaved
Aria edulis,Aria,Rosaceae,Q41068995,deciduous,broadleaved
Aria latifolia,Aria,Rosaceae,,deciduous,broadleaved
Aria torminalis,Aria,Rosaceae,Q139936561,deciduous,broadleaved
Aristotelia chilensis,Aristotelia,Elaeocarpaceae,,evergreen,broadleaved
Aronia arbutifolia,Aronia,Rosaceae,,deciduous,broadleaved
Aronia melanocarpa,Aronia,Rosaceae,,deciduous,broadleaved
Artocarpus altilis,Artocarpus,Moraceae,Q14677,evergreen,broadleaved
Artocarpus heterophyllus,Artocarpus,Moraceae,,evergreen,broadleaved
Artocarpus lamellosus,Artocarpus,Moraceae,,deciduous,broadleaved
Artocarpus nitidus,Artocarpus,Moraceae,,deciduous,broadleaved
Asimina triloba,Asimina,Annonaceae,,deciduous,broadleaved
Aspidosperma polyneuron,Aspidosperma,Apocynaceae,,deciduous,broadleaved
Aspidosperma spruceanum,Aspidosperma,Apocynaceae,,evergreen,broadleaved
Astronium graveolens,Astronium,Anacardiaceae,,evergreen,broadleaved
Astronium urundeuva,Astronium,Anacardiaceae,,deciduous,broadleaved
Attalea amygdalina,Attalea,Arecaceae,,evergreen,palm
Aucuba japonica,Aucuba,Garryaceae,,deciduous,broadleaved
Austrocedrus chilensis,Austrocedrus,Cupressaceae,,evergreen,needleleaved
Averrhoa bilimbi,Averrhoa,Oxalidaceae,,evergreen,broadleaved
Averrhoa carambola,Averrhoa,Oxalidaceae,,evergreen,broadleaved
Azadirachta indica,Azadirachta,Meliaceae,,evergreen,broadleaved
Azalea japonica,Azalea,Ericaceae,,evergreen,broadleaved
Azara lanceolata,Azara,Salicaceae,,evergreen,broadleaved
Azara serrata,Azara,Salicaceae,,evergreen,broadleaved
Bactris gasipaes,Bactris,Arecaceae,,evergreen,palm
Banksia integrifolia,Banksia,Proteaceae,,evergreen,broadleaved
Banksia marginata,Banksia,Proteaceae,,deciduous,broadleaved
Banksia serrata,Banksia,Proteaceae,,deciduous,broadleaved
Barringtonia racemosa,Barringtonia,Lecythidaceae,Q2718437,evergreen,broadleaved
Bauhinia forficata,Bauhinia,Fabaceae,,evergreen,broadleaved
Bauhinia kalbreyeri,Bauhinia,Fabaceae,,evergreen,broadleaved
Bauhinia picta,Bauhinia,Fabaceae,,evergreen,broadleaved
Bauhinia purpurea,Bauhinia,Fabaceae,,deciduous,broadleaved
Bauhinia racemosa,Bauhinia,Fabaceae,,deciduous,broadleaved
Bauhinia variegata,Bauhinia,Fabaceae,,deciduous,broadleaved
Beaucarnea recurvata,Beaucarnea,Asparagaceae,,evergreen,broadleaved
Beilschmiedia miersii,Beilschmiedia,Lauraceae,,evergreen,broadleaved
Berberis aquifolium,Berberis,Berberidaceae,,deciduous,broadleaved
Berberis thunbergii,Berberis,Berberidaceae,,deciduous,broadleaved
Betula alba,Betula,Betulaceae,Q157624,deciduous,broadleaved
Betula albosinensis,Betula,Betulaceae,Q930814,deciduous,broadleaved
Betula alleghaniensis,Betula,Betulaceae,Q1499241,deciduous,broadleaved
Betula costata,Betula,Betulaceae,,deciduous,broadleaved
Betula davurica,Betula,Betulaceae,,deciduous,broadleaved
Betula delavayi,Betula,Betulaceae,Q4085296,deciduous,broadleaved
Betula ermanii,Betula,Betulaceae,Q163544,deciduous,broadleaved
Betula glandulosa,Betula,Betulaceae,,deciduous,broadleaved
Betula jacquemontii,Betula,Betulaceae,Q930814,deciduous,broadleaved
Betula lenta,Betula,Betulaceae,Q227763,deciduous,broadleaved
Betula maximowicziana,Betula,Betulaceae,,deciduous,broadleaved
Betula medwediewii,Betula,Betulaceae,,deciduous,broadleaved
Betula nana,Betula,Betulaceae,Q157628,deciduous,broadleaved
Betula neoalaskana,Betula,Betulaceae,Q156895,deciduous,broadleaved
Betula nigra,Betula,Betulaceae,Q1510231,deciduous,broadleaved
Betula papyrifera,Betula,Betulaceae,Q76971,deciduous,broadleaved
Betula pendula,Betula,Betulaceae,Q156895,deciduous,broadleaved
Betula platyphylla,Betula,Betulaceae,Q156895,deciduous,broadleaved
Betula populifolia,Betula,Betulaceae,Q1543680,deciduous,broadleaved
Betula pubescens,Betula,Betulaceae,Q157624,deciduous,broadleaved
Betula utilis,Betula,Betulaceae,Q930814,deciduous,broadleaved
Betula verrucosa,Betula,Betulaceae,Q156895,deciduous,broadleaved
Bischofia javanica,Bischofia,Phyllanthaceae,,evergreen,broadleaved
Bismarckia nobilis,Bismarckia,Arecaceae,,evergreen,palm
Bixa orellana,Bixa,Bixaceae,,evergreen,broadleaved
Blighia sapida,Blighia,Sapindaceae,,evergreen,broadleaved
Bombax ceiba,Bombax,Malvaceae,,deciduous,broadleaved
Borassus flabellifer,Borassus,Arecaceae,,evergreen,palm
Borkhausenia intermedia,Borkhausenia,Rosaceae,Q139936592,deciduous,broadleaved
Bougainvillea glabra,Bougainvillea,Nyctaginaceae,,deciduous,broadleaved
Bougainvillea spectabilis,Bougainvillea,Nyctaginaceae,,deciduous,broadleaved
Brachychiton acerifolius,Brachychiton,Malvaceae,,deciduous,broadleaved
Brachychiton discolor,Brachychiton,Malvaceae,,deciduous,broadleaved
Brachychiton populneus,Brachychiton,Malvaceae,Q947016,evergreen,broadleaved
Brachychiton rupestris,Brachychiton,Malvaceae,,deciduous,broadleaved
Brahea aculeata,Brahea,Arecaceae,,evergreen,palm
Brahea armata,Brahea,Arecaceae,,evergreen,palm
Brahea brandegeei,Brahea,Arecaceae,,evergreen,palm
Brahea edulis,Brahea,Arecaceae,,evergreen,palm
Broussonetia papyrifera,Broussonetia,Moraceae,,deciduous,broadleaved
Brownea ariza,Brownea,Fabaceae,,evergreen,broadleaved
Brownea grandiceps,Brownea,Fabaceae,,deciduous,broadleaved
Brugmansia suaveolens,Brugmansia,Solanaceae,,evergreen,broadleaved
Brunfelsia pauciflora,Brunfelsia,Solanaceae,,deciduous,broadleaved
Buchenavia capitata,Buchenavia,Combretaceae,,evergreen,broadleaved
Buckinghamia celsissima,Buckinghamia,Proteaceae,,deciduous,broadleaved
Buddleja davidii,Buddleja,Scrophulariaceae,,deciduous,broadleaved
Buddleja globosa,Buddleja,Scrophulariaceae,,evergreen,broadleaved
Bulnesia arborea,Bulnesia,Zygophyllaceae,,deciduous,broadleaved
Bursaria lasiophylla,Bursaria,Pittosporaceae,,deciduous,broadleaved
Bursaria spinosa,Bursaria,Pittosporaceae,,deciduous,broadleaved
Bursera simaruba,Bursera,Burseraceae,,deciduous,broadleaved
Butia capitata,Butia,Arecaceae,,evergreen,palm
Butia odorata,Butia,Arecaceae,,evergreen,palm
Butia yatay,Butia,Arecaceae,,evergreen,palm
Buxus balearica,Buxus,Buxaceae,,evergreen,broadleaved
Buxus sempervirens,Buxus,Buxaceae,Q27344,evergreen,broadleaved
Byrsonima crassifolia,Byrsonima,Malpighiaceae,,evergreen,broadleaved
Caesalpinia ebano,Caesalpinia,Fabaceae,,evergreen,broadleaved
Caesalpinia pluviosa,Caesalpinia,Fabaceae,,deciduous,broadleaved
Caesalpinia pulcherrima,Caesalpinia,Fabaceae,,evergreen,broadleaved
Calliandra haematocephala,Calliandra,Fabaceae,,evergreen,broadleaved
Calliandra pittieri,Calliandra,Fabaceae,,evergreen,broadleaved
Callistemon citrinus,Callistemon,Myrtaceae,,evergreen,broadleaved
Callistemon linearis,Callistemon,Myrtaceae,,deciduous,broadleaved
Callistemon pallidus,Callistemon,Myrtaceae,,deciduous,broadleaved
Callistemon phoeniceus,Callistemon,Myrtaceae,,deciduous,broadleaved
Callistemon salignus,Callistemon,Myrtaceae,,deciduous,broadleaved
Callistemon speciosus,Callistemon,Myrtaceae,,evergreen,broadleaved
Callistemon viminalis,Callistemon,Myrtaceae,Q22113637,deciduous,broadleaved
Callitris columellaris,Callitris,Cupressaceae,,deciduous,needleleaved
Callitris glauca,Callitris,Cupressaceae,,deciduous,needleleaved
Callitris preissii,Callitris,Cupressaceae,Q2715203,evergreen,needleleaved
Callitris rhomboidea,Callitris,Cupressaceae,,deciduous,needleleaved
Callitropsis nootkatensis,Callitropsis,Cupressaceae,Q23707222,evergreen,needleleaved
Calocedrus decurrens,Calocedrus,Cupressaceae,,evergreen,needleleaved
Calophyllum brasiliense,Calophyllum,Calophyllaceae,,deciduous,broadleaved
Calophyllum inophyllum,Calophyllum,Calophyllaceae,,evergreen,broadleaved
Calycanthus praecox,Calycanthus,Calycanthaceae,,deciduous,broadleaved
Camellia japonica,Camellia,Theaceae,,evergreen,broadleaved
Camellia sasanqua,Camellia,Theaceae,,evergreen,broadleaved
Camphora glandulifera,Camphora,Lauraceae,,evergreen,broadleaved
Camphora officinarum,Camphora,Lauraceae,,evergreen,broadleaved
Cananga odorata,Cananga,Annonaceae,,evergreen,broadleaved
Caragana arborescens,Caragana,Fabaceae,,deciduous,broadleaved
Carica papaya,Carica,Caricaceae,,deciduous,broadleaved
Cariniana legalis,Cariniana,Lecythidaceae,,evergreen,broadleaved
Cariniana pyriformis,Cariniana,Lecythidaceae,,evergreen,broadleaved
Carnegiea gigantea,Carnegiea,Cactaceae,,deciduous,broadleaved
Carpinus betulus,Carpinus,Betulaceae,Q158776,deciduous,broadleaved
Carpinus caroliniana,Carpinus,Betulaceae,Q468664,deciduous,broadleaved
Carpinus japonica,Carpinus,Betulaceae,Q161435,deciduous,broadleaved
Carpinus orientalis,Carpinus,Betulaceae,Q1088271,deciduous,broadleaved
Carpinus turczaninovii,Carpinus,Betulaceae,Q936355,deciduous,broadleaved
Carya alba,Carya,Juglandaceae,,deciduous,broadleaved
Carya cordiformis,Carya,Juglandaceae,Q879016,deciduous,broadleaved
Carya glabra,Carya,Juglandaceae,,deciduous,broadleaved
Carya illinoinensis,Carya,Juglandaceae,Q333877,deciduous,broadleaved
Carya laciniosa,Carya,Juglandaceae,Q4215101,deciduous,broadleaved
Carya ovata,Carya,Juglandaceae,Q2601238,deciduous,broadleaved
Carya tomentosa,Carya,Juglandaceae,,deciduous,broadleaved
Caryota mitis,Caryota,Arecaceae,,deciduous,palm
Caryota urens,Caryota,Arecaceae,,evergreen,palm
Cascabela thevetia,Cascabela,Apocynaceae,,evergreen,broadleaved
Casimiroa edulis,Casimiroa,Rutaceae,,evergreen,broadleaved
Cassia fistula,Cassia,Fabaceae,,evergreen,broadleaved
Cassia grandis,Cassia,Fabaceae,,evergreen,broadleaved
Cassia javanica,Cassia,Fabaceae,,deciduous,broadleaved
Cassia leptophylla,Cassia,Fabaceae,,deciduous,broadleaved
Cassia siamea,Cassia,Fabaceae,,evergreen,broadleaved
Castanea crenata,Castanea,Fagaceae,Q717827,deciduous,broadleaved
Castanea dentata,Castanea,Fagaceae,Q468698,deciduous,broadleaved
Castanea mollissima,Castanea,Fagaceae,Q699584,deciduous,broadleaved
Castanea ozarkensis,Castanea,Fagaceae,Q5756707,deciduous,broadleaved
Castanea pumila,Castanea,Fagaceae,Q3662068,deciduous,broadleaved
Castanea sativa,Castanea,Fagaceae,Q22699,deciduous,broadleaved
Castanopsis sieboldii,Castanopsis,Fagaceae,,evergreen,broadleaved
Castanospermum australe,Castanospermum,Fabaceae,,evergreen,broadleaved
Castilla elastica,Castilla,Moraceae,,evergreen,broadleaved
Casuarina cunninghamiana,Casuarina,Casuarinaceae,Q662316,evergreen,broadleaved
Casuarina equisetifolia,Casuarina,Casuarinaceae,,evergreen,broadleaved
Casuarina glauca,Casuarina,Casuarinaceae,,deciduous,broadleaved
Casuarina littoralis,Casuarina,Casuarinaceae,,deciduous,broadleaved
Casuarina verticillata,Casuarina,Casuarinaceae,Q4732995,deciduous,broadleaved
Catalpa bignonioides,Catalpa,Bignoniaceae,Q163831,deciduous,broadleaved
Catalpa bungei,Catalpa,Bignoniaceae,,deciduous,broadleaved
Catalpa longissima,Catalpa,Bignoniaceae,,deciduous,broadleaved
Catalpa ovata,Catalpa,Bignoniaceae,Q1144805,deciduous,broadleaved
Catalpa speciosa,Catalpa,Bignoniaceae,Q159204,deciduous,broadleaved
Catalpa × erubescens,Catalpa,Bignoniaceae,Q1052793,deciduous,broadleaved
Cavanillesia platanifolia,Cavanillesia,Malvaceae,,evergreen,broadleaved
Ceanothus thyrsiflorus,Ceanothus,Rhamnaceae,,evergreen,broadleaved
Cecropia pachystachya,Cecropia,Urticaceae,,deciduous,broadleaved
Cecropia peltata,Cecropia,Urticaceae,,deciduous,broadleaved
Cecropia telealba,Cecropia,Urticaceae,,deciduous,broadleaved
Cedrela montana,Cedrela,Meliaceae,,evergreen,broadleaved
Cedrela odorata,Cedrela,Meliaceae,,evergreen,broadleaved
Cedrela sinensis,Cedrela,Meliaceae,,deciduous,broadleaved
Cedrus atlantica,Cedrus,Pinaceae,Q623489,evergreen,needleleaved
Cedrus brevifolia,Cedrus,Pinaceae,,deciduous,needleleaved
Cedrus deodara,Cedrus,Pinaceae,Q146935,evergreen,needleleaved
Cedrus libani,Cedrus,Pinaceae,Q61105,evergreen,needleleaved
Ceiba chodatii,Ceiba,Malvaceae,,evergreen,broadleaved
Ceiba pentandra,Ceiba,Malvaceae,,deciduous,broadleaved
Ceiba speciosa,Ceiba,Malvaceae,Q1031120,deciduous,broadleaved
Celtis australis,Celtis,Cannabaceae,Q255375,deciduous,broadleaved
Celtis biondii,Celtis,Cannabaceae,,deciduous,broadleaved
Celtis iguanaea,Celtis,Cannabaceae,,deciduous,broadleaved
Celtis jessoensis,Celtis,Cannabaceae,,deciduous,broadleaved
Celtis julianae,Celtis,Cannabaceae,,deciduous,broadleaved
Celtis laevigata,Celtis,Cannabaceae,,deciduous,broadleaved
Celtis occidentalis,Celtis,Cannabaceae,Q470006,deciduous,broadleaved
Celtis rugosa,Celtis,Cannabaceae,,deciduous,broadleaved
Celtis sinensis,Celtis,Cannabaceae,,deciduous,broadleaved
Celtis tala,Celtis,Cannabaceae,,evergreen,broadleaved
Cenostigma pluviosum,Cenostigma,Fabaceae,,deciduous,broadleaved
Cephalotaxus fortunei,Cephalotaxus,Cephalotaxaceae,,evergreen,needleleaved
Cephalotaxus harringtonia,Cephalotaxus,Cephalotaxaceae,,evergreen,needleleaved
Cerasus avium,Cerasus,Rosaceae,Q165137,deciduous,broadleaved
Cerasus itosakura,Cerasus,Rosaceae,,deciduous,broadleaved
Cerasus jamasakura,Cerasus,Rosaceae,,deciduous,broadleaved
Cerasus lannesiana,Cerasus,Rosaceae,,deciduous,broadleaved
Cerasus sargentii,Cerasus,Rosaceae,Q163039,deciduous,broadleaved
Cerasus serrulata,Cerasus,Rosaceae,Q165321,deciduous,broadleaved
Cerasus spachiana,Cerasus,Rosaceae,,deciduous,broadleaved
Cerasus × subhirtella,Cerasus,Rosaceae,Q163070,deciduous,broadleaved
Cerasus × yedoensis,Cerasus,Rosaceae,Q163078,deciduous,broadleaved
Ceratonia siliqua,Ceratonia,Fabaceae,Q68763,evergreen,broadleaved
Cercidiphyllum japonicum,Cercidiphyllum,Cercidiphyllaceae,Q526549,deciduous,broadleaved
Cercis canadensis,Cercis,Fabaceae,Q2452407,deciduous,broadleaved
Cercis chinensis,Cercis,Fabaceae,,deciduous,broadleaved
Cercis occidentalis,Cercis,Fabaceae,,deciduous,broadleaved
Cercis siliquastrum,Cercis,Fabaceae,Q29488,deciduous,broadleaved
Cereus jamacaru,Cereus,Cactaceae,,evergreen,broadleaved
Ceroxylon quindiuense,Ceroxylon,Arecaceae,,evergreen,palm
Cestrum nocturnum,Cestrum,Solanaceae,,evergreen,broadleaved
Chaenomeles japonica,Chaenomeles,Rosaceae,,deciduous,broadleaved
Chamaecyparis formosensis,Chamaecyparis,Cupressaceae,,evergreen,needleleaved
Chamaecyparis lawsoniana,Chamaecyparis,Cupressaceae,Q161360,evergreen,needleleaved
Chamaecyparis nootkatensis,Chamaecyparis,Cupressaceae,Q23707222,evergreen,needleleaved
Chamaecyparis obtusa,Chamaecyparis,Cupressaceae,Q917187,evergreen,needleleaved
Chamaecyparis pisifera,Chamaecyparis,Cupressaceae,Q74068,evergreen,needleleaved
Chamaecyparis thyoides,Chamaecyparis,Cupressaceae,Q1744650,evergreen,needleleaved
Chamaerops excelsa,Chamaerops,Arecaceae,,deciduous,palm
Chamaerops humilis,Chamaerops,Arecaceae,Q161747,evergreen,palm
Chelyocarpus dianeurus,Chelyocarpus,Arecaceae,,deciduous,palm
Chilopsis linearis,Chilopsis,Bignoniaceae,,deciduous,broadleaved
Chimonanthus praecox,Chimonanthus,Calycanthaceae,,deciduous,broadleaved
Chionanthus retusus,Chionanthus,Oleaceae,Q1073191,deciduous,broadleaved
Chionanthus virginicus,Chionanthus,Oleaceae,,deciduous,broadleaved
Chorisia speciosa,Chorisia,Malvaceae,Q1031120,deciduous,broadleaved
Chrysalidocarpus lutescens,Chrysalidocarpus,Arecaceae,,evergreen,palm
Chrysalidocarpus madagascariensis,Chrysalidocarpus,Arecaceae,,deciduous,palm
Chrysophyllum viridifolium,Chrysophyllum,Sapotaceae,,evergreen,broadleaved
Cinnamomum camphora,Cinnamomum,Lauraceae,Q158722,evergreen,broadleaved
Cinnamomum glanduliferum,Cinnamomum,Lauraceae,,evergreen,broadleaved
Cinnamomum verum,Cinnamomum,Lauraceae,,evergreen,broadleaved
Citrus aurantium,Citrus,Rutaceae,Q147096,evergreen,broadleaved
Citrus limon,Citrus,Rutaceae,Q500,evergreen,broadleaved
Citrus maxima,Citrus,Rutaceae,,evergreen,broadleaved
Citrus nobilis,Citrus,Rutaceae,Q147096,evergreen,broadleaved
Citrus reticulata,Citrus,Rutaceae,,evergreen,broadleaved
Citrus sinensis,Citrus,Rutaceae,Q147096,evergreen,broadleaved
Citrus tachibana,Citrus,Rutaceae,,evergreen,broadleaved
Citrus trifoliata,Citrus,Rutaceae,,deciduous,broadleaved
Citrus × aurantium,Citrus,Rutaceae,Q147096,evergreen,broadleaved
Citrus × depressa,Citrus,Rutaceae,,evergreen,broadleaved
Citrus × limon,Citrus,Rutaceae,Q500,evergreen,broadleaved
Citrus × paradisi,Citrus,Rutaceae,Q147096,evergreen,broadleaved
Citrus × sinensis,Citrus,Rutaceae,Q147096,evergreen,broadleaved
Cladrastis delavayi,Cladrastis,Fabaceae,,deciduous,broadleaved
Cladrastis kentukea,Cladrastis,Fabaceae,Q470025,deciduous,broadleaved
Cladrastis lutea,Cladrastis,Fabaceae,Q470025,deciduous,broadleaved
Cladrastis sinensis,Cladrastis,Fabaceae,,deciduous,broadleaved
Clerodendrum trichotomum,Clerodendrum,Lamiaceae,,deciduous,broadleaved
Clethra alnifolia,Clethra,Clethraceae,,deciduous,broadleaved
Clitoria fairchildiana,Clitoria,Fabaceae,,deciduous,broadleaved
Clusia hilariana,Clusia,Clusiaceae,,evergreen,broadleaved
Clusia rosea,Clusia,Clusiaceae,,evergreen,broadleaved
Coccoloba uvifera,Coccoloba,Polygonaceae,,evergreen,broadleaved
Cocos nucifera,Cocos,Arecaceae,Q13187,evergreen,palm
Codiaeum variegatum,Codiaeum,Euphorbiaceae,,evergreen,broadleaved
Coffea arabica,Coffea,Rubiaceae,,evergreen,broadleaved
Colletia hystrix,Colletia,Rhamnaceae,,deciduous,broadleaved
Conocarpus erectus,Conocarpus,Combretaceae,,deciduous,broadleaved
Copernicia prunifera,Copernicia,Arecaceae,,deciduous,palm
Coprosma perpusilla,Coprosma,Rubiaceae,,evergreen,broadleaved
Coprosma repens,Coprosma,Rubiaceae,,evergreen,broadleaved
Cordia alliodora,Cordia,Boraginaceae,,evergreen,broadleaved
Cordia myxa,Cordia,Boraginaceae,,deciduous,broadleaved
Cordia sebestena,Cordia,Boraginaceae,,deciduous,broadleaved
Cordyline australis,Cordyline,Asparagaceae,,evergreen,broadleaved
Cordyline banksii,Cordyline,Asparagaceae,,evergreen,broadleaved
Cordyline indivisa,Cordyline,Asparagaceae,,evergreen,broadleaved
Cormus domestica,Cormus,Rosaceae,Q18593737,deciduous,broadleaved
Cornus alba,Cornus,Cornaceae,Q158228,deciduous,broadleaved
Cornus alternifolia,Cornus,Cornaceae,Q639615,deciduous,broadleaved
Cornus amomum,Cornus,Cornaceae,Q2266551,deciduous,broadleaved
Cornus asperifolia,Cornus,Cornaceae,Q5788662,deciduous,broadleaved
Cornus capitata,Cornus,Cornaceae,,evergreen,broadleaved
Cornus controversa,Cornus,Cornaceae,,deciduous,broadleaved
Cornus disciflora,Cornus,Cornaceae,,evergreen,broadleaved
Cornus drummondii,Cornus,Cornaceae,Q187040,deciduous,broadleaved
Cornus florida,Cornus,Cornaceae,Q887221,deciduous,broadleaved
Cornus foemina,Cornus,Cornaceae,Q5171926,deciduous,broadleaved
Cornus glabrata,Cornus,Cornaceae,Q970978,deciduous,broadleaved
Cornus kousa,Cornus,Cornaceae,Q728441,deciduous,broadleaved
Cornus macrophylla,Cornus,Cornaceae,,deciduous,broadleaved
Cornus mas,Cornus,Cornaceae,Q158642,deciduous,broadleaved
Cornus nuttallii,Cornus,Cornaceae,Q220777,deciduous,broadleaved
Cornus officinalis,Cornus,Cornaceae,,deciduous,broadleaved
Cornus racemosa,Cornus,Cornaceae,,deciduous,broadleaved
Cornus rugosa,Cornus,Cornaceae,Q15605468,deciduous,broadleaved
Cornus sanguinea,Cornus,Cornaceae,Q161416,deciduous,broadleaved
Cornus sericea,Cornus,Cornaceae,Q164130,deciduous,broadleaved
Cornus sessilis,Cornus,Cornaceae,Q289855,deciduous,broadleaved
Cornus walteri,Cornus,Cornaceae,,deciduous,broadleaved
Cortaderia selloana,Cortaderia,Poaceae,,evergreen,broadleaved
Corylus americana,Corylus,Betulaceae,,deciduous,broadleaved
Corylus avellana,Corylus,Betulaceae,Q124969,deciduous,broadleaved
Corylus chinensis,Corylus,Betulaceae,,deciduous,broadleaved
Corylus colurna,Corylus,Betulaceae,Q148939,deciduous,broadleaved
Corylus cornuta,Corylus,Betulaceae,Q972950,deciduous,broadleaved
Corylus maxima,Corylus,Betulaceae,,deciduous,broadleaved
Corymbia aparrerinja,Corymbia,Myrtaceae,,evergreen,broadleaved
Corymbia calophylla,Corymbia,Myrtaceae,,evergreen,broadleaved
Corymbia citriodora,Corymbia,Myrtaceae,,evergreen,broadleaved
Corymbia eximia,Corymbia,Myrtaceae,,deciduous,broadleaved
Corymbia ficifolia,Corymbia,Myrtaceae,,evergreen,broadleaved
Corymbia maculata,Corymbia,Myrtaceae,Q3337015,evergreen,broadleaved
Corymbia tessellaris,Corymbia,Myrtaceae,,evergreen,broadleaved
Corynocarpus laevigatus,Corynocarpus,Corynocarpaceae,,deciduous,broadleaved
Corypha umbraculifera,Corypha,Arecaceae,,evergreen,palm
Cotinus coggygria,Cotinus,Anacardiaceae,Q161406,deciduous,broadleaved
Cotinus obovatus,Cotinus,Anacardiaceae,Q5175390,deciduous,broadleaved
Cotoneaster coriaceus,Cotoneaster,Rosaceae,Q15536460,evergreen,broadleaved
Cotoneaster frigidus,Cotoneaster,Rosaceae,Q811476,semi_evergreen,broadleaved
Cotoneaster glaucophyllus,Cotoneaster,Rosaceae,,evergreen,broadleaved
Cotoneaster salicifolius,Cotoneaster,Rosaceae,,evergreen,broadleaved
Cotoneaster × watereri,Cotoneaster,Rosaceae,,evergreen,broadleaved
Couroupita guianensis,Couroupita,Lecythidaceae,,deciduous,broadleaved
Crataegus aestivalis,Crataegus,Rosaceae,Q631650,deciduous,broadleaved
Crataegus aprica,Crataegus,Rosaceae,Q5182543,deciduous,broadleaved
Crataegus azarolus,Crataegus,Rosaceae,Q793606,deciduous,broadleaved
Crataegus berberifolia,Crataegus,Rosaceae,Q5182550,deciduous,broadleaved
Crataegus brachyacantha,Crataegus,Rosaceae,Q5182553,deciduous,broadleaved
Crataegus brainerdii,Crataegus,Rosaceae,Q5182552,deciduous,broadleaved
Crataegus calpodendron,Crataegus,Rosaceae,Q2083452,deciduous,broadleaved
Crataegus castlegarensis,Crataegus,Rosaceae,Q17249342,deciduous,broadleaved
Crataegus chrysocarpa,Crataegus,Rosaceae,Q2714887,deciduous,broadleaved
Crataegus coccinea,Crataegus,Rosaceae,Q3002196,deciduous,broadleaved
Crataegus coccinioides,Crataegus,Rosaceae,Q5182556,deciduous,broadleaved
Crataegus collina,Crataegus,Rosaceae,Q5182557,deciduous,broadleaved
Crataegus crus-galli,Crataegus,Rosaceae,Q916961,deciduous,broadleaved
Crataegus dodgei,Crataegus,Rosaceae,Q17249460,deciduous,broadleaved
Crataegus douglasii,Crataegus,Rosaceae,Q918920,deciduous,broadleaved
Crataegus enderbyensis,Crataegus,Rosaceae,Q17270645,deciduous,broadleaved
Crataegus erythropoda,Crataegus,Rosaceae,Q5182561,deciduous,broadleaved
Crataegus flabellata,Crataegus,Rosaceae,Q2081304,deciduous,broadleaved
Crataegus germanica,Crataegus,Rosaceae,Q146186,deciduous,broadleaved
Crataegus grayana,Crataegus,Rosaceae,Q2081304,deciduous,broadleaved
Crataegus greggiana,Crataegus,Rosaceae,Q15537456,deciduous,broadleaved
Crataegus harbisonii,Crataegus,Rosaceae,Q5182562,deciduous,broadleaved
Crataegus holmesiana,Crataegus,Rosaceae,Q5182566,deciduous,broadleaved
Crataegus intricata,Crataegus,Rosaceae,Q4992235,deciduous,broadleaved
Crataegus iracunda,Crataegus,Rosaceae,Q5182568,deciduous,broadleaved
Crataegus laciniata,Crataegus,Rosaceae,,deciduous,broadleaved
Crataegus lacrimata,Crataegus,Rosaceae,Q17246209,deciduous,broadleaved
Crataegus laevigata,Crataegus,Rosaceae,Q159553,deciduous,broadleaved
Crataegus macrosperma,Crataegus,Rosaceae,Q5182572,deciduous,broadleaved
Crataegus margaretta,Crataegus,Rosaceae,Q137643271,deciduous,broadleaved
Crataegus marshallii,Crataegus,Rosaceae,Q5182573,deciduous,broadleaved
Crataegus media,Crataegus,Rosaceae,Q1940705,deciduous,broadleaved
Crataegus mollis,Crataegus,Rosaceae,Q2671022,deciduous,broadleaved
Crataegus monogyna,Crataegus,Rosaceae,Q161511,deciduous,broadleaved
Crataegus nigra,Crataegus,Rosaceae,,deciduous,broadleaved
Crataegus okennonii,Crataegus,Rosaceae,Q17247913,deciduous,broadleaved
Crataegus opaca,Crataegus,Rosaceae,Q18555704,deciduous,broadleaved
Crataegus oxyacantha,Crataegus,Rosaceae,Q161511,deciduous,broadleaved
Crataegus pedicellata,Crataegus,Rosaceae,Q3002196,deciduous,broadleaved
Crataegus pentagyna,Crataegus,Rosaceae,Q2081123,deciduous,broadleaved
Crataegus persimilis,Crataegus,Rosaceae,Q17270668,deciduous,broadleaved
Crataegus phaenopyrum,Crataegus,Rosaceae,Q3002191,deciduous,broadleaved
Crataegus phippsii,Crataegus,Rosaceae,Q5182576,deciduous,broadleaved
Crataegus pinnatifida,Crataegus,Rosaceae,,deciduous,broadleaved
Crataegus pruinosa,Crataegus,Rosaceae,Q5182579,deciduous,broadleaved
Crataegus prunifolia,Crataegus,Rosaceae,Q17270668,deciduous,broadleaved
Crataegus pulcherrima,Crataegus,Rosaceae,Q5182580,deciduous,broadleaved
Crataegus punctata,Crataegus,Rosaceae,Q4095586,deciduous,broadleaved
Crataegus reverchonii,Crataegus,Rosaceae,Q17250112,deciduous,broadleaved
Crataegus rhipidophylla,Crataegus,Rosaceae,Q159086,deciduous,broadleaved
Crataegus rivularis,Crataegus,Rosaceae,Q4095580,deciduous,broadleaved
Crataegus saligna,Crataegus,Rosaceae,Q5182583,deciduous,broadleaved
Crataegus sanguinea,Crataegus,Rosaceae,Q918920,deciduous,broadleaved
Crataegus schuettei,Crataegus,Rosaceae,Q17250369,deciduous,broadleaved
Crataegus sheila-phippsiae,Crataegus,Rosaceae,Q17245540,deciduous,broadleaved
Crataegus spathulata,Crataegus,Rosaceae,Q5182587,deciduous,broadleaved
Crataegus submollis,Crataegus,Rosaceae,,deciduous,broadleaved
Crataegus succulenta,Crataegus,Rosaceae,Q4095584,deciduous,broadleaved
Crataegus suksdorfii,Crataegus,Rosaceae,Q15537660,deciduous,broadleaved
Crataegus tracyi,Crataegus,Rosaceae,Q5182589,deciduous,broadleaved
Crataegus triflora,Crataegus,Rosaceae,Q5182590,deciduous,broadleaved
Crataegus turnerorum,Crataegus,Rosaceae,Q17270662,deciduous,broadleaved
Crataegus uniflora,Crataegus,Rosaceae,Q4095578,deciduous,broadleaved
Crataegus viridis,Crataegus,Rosaceae,Q2084514,deciduous,broadleaved
Crataegus wootoniana,Crataegus,Rosaceae,Q17249438,deciduous,broadleaved
Crataegus × grignonensis,Crataegus,Rosaceae,Q5182597,deciduous,broadleaved
Crataegus × lavalleei,Crataegus,Rosaceae,Q1693676,deciduous,broadleaved
Crataegus × media,Crataegus,Rosaceae,,deciduous,broadleaved
Crataegus × mordenensis,Crataegus,Rosaceae,,deciduous,broadleaved
Crescentia cujete,Crescentia,Bignoniaceae,,evergreen,broadleaved
Crinodendron patagua,Crinodendron,Elaeocarpaceae,,evergreen,broadleaved
Croton funckianus,Croton,Euphorbiaceae,,evergreen,broadleaved
Croton hibiscifolius,Croton,Euphorbiaceae,,evergreen,broadleaved
Cryosophila kalbreyeri,Cryosophila,Arecaceae,,deciduous,palm
Cryptocarya alba,Cryptocarya,Lauraceae,,evergreen,broadleaved
Cryptomeria japonica,Cryptomeria,Cupressaceae,Q147388,evergreen,needleleaved
Cunninghamia lanceolata,Cunninghamia,Cupressaceae,Q149115,evergreen,needleleaved
Cupania americana,Cupania,Sapindaceae,,evergreen,broadleaved
Cupaniopsis anacardioides,Cupaniopsis,Sapindaceae,,evergreen,broadleaved
Cupressus arizonica,Cupressus,Cupressaceae,Q670040,evergreen,needleleaved
Cupressus cashmeriana,Cupressus,Cupressaceae,Q917216,evergreen,needleleaved
Cupressus funebris,Cupressus,Cupressaceae,,evergreen,needleleaved
Cupressus glabra,Cupressus,Cupressaceae,,evergreen,needleleaved
Cupressus glauca,Cupressus,Cupressaceae,Q50843037,evergreen,needleleaved
Cupressus leylandii,Cupressus,Cupressaceae,Q42688380,evergreen,needleleaved
Cupressus lusitanica,Cupressus,Cupressaceae,Q50843037,evergreen,needleleaved
Cupressus macrocarpa,Cupressus,Cupressaceae,Q32856056,evergreen,needleleaved
Cupressus nootkatensis,Cupressus,Cupressaceae,Q23707222,evergreen,needleleaved
Cupressus sempervirens,Cupressus,Cupressaceae,Q147513,evergreen,needleleaved
Cupressus torulosa,Cupressus,Cupressaceae,,evergreen,needleleaved
Cupressus × leylandii,Cupressus,Cupressaceae,Q42688380,evergreen,needleleaved
Cycas revoluta,Cycas,Cycadaceae,,evergreen,broadleaved
Cydonia oblonga,Cydonia,Rosaceae,Q43300,deciduous,broadleaved
Cyrtophyllum fragrans,Cyrtophyllum,Gentianaceae,,evergreen,broadleaved
Cyrtostachys renda,Cyrtostachys,Arecaceae,,deciduous,palm
Dalbergia latifolia,Dalbergia,Fabaceae,,deciduous,broadleaved
Dalbergia sissoo,Dalbergia,Fabaceae,,deciduous,broadleaved
Daphniphyllum macropodum,Daphniphyllum,Daphniphyllaceae,,evergreen,broadleaved
Davidia involucrata,Davidia,Nyssaceae,Q334697,deciduous,broadleaved
Decaspermum blancoi,Decaspermum,Myrtaceae,,evergreen,broadleaved
Delonix regia,Delonix,Fabaceae,Q238486,evergreen,broadleaved
Delostoma integrifolium,Delostoma,Bignoniaceae,,evergreen,broadleaved
Dillenia indica,Dillenia,Dilleniaceae,,evergreen,broadleaved
Dilodendron costaricense,Dilodendron,Sapindaceae,,evergreen,broadleaved
Diospyros johnstoniana,Diospyros,Ebenaceae,,deciduous,broadleaved
Diospyros kaki,Diospyros,Ebenaceae,Q158482,deciduous,broadleaved
Diospyros lotus,Diospyros,Ebenaceae,Q771101,deciduous,broadleaved
Diospyros virginiana,Diospyros,Ebenaceae,,deciduous,broadleaved
Diospyros xolocotzii,Diospyros,Ebenaceae,,deciduous,broadleaved
Dipterocarpus alatus,Dipterocarpus,Dipterocarpaceae,,evergreen,broadleaved
Dipteronia sinensis,Dipteronia,Sapindaceae,,deciduous,broadleaved
Dipteryx oleifera,Dipteryx,Fabaceae,,evergreen,broadleaved
Distylium racemosum,Distylium,Hamamelidaceae,,evergreen,broadleaved
Dodonaea viscosa,Dodonaea,Sapindaceae,,evergreen,broadleaved
Dolichandrone alba,Dolichandrone,Bignoniaceae,,deciduous,broadleaved
Donella viridifolia,Donella,Sapotaceae,,evergreen,broadleaved
Dracaena draco,Dracaena,Asparagaceae,,evergreen,broadleaved
Drimys winteri,Drimys,Winteraceae,,evergreen,broadleaved
Duranta erecta,Duranta,Verbenaceae,,deciduous,broadleaved
Dyera costulata,Dyera,Apocynaceae,,deciduous,broadleaved
Dypsis lutescens,Dypsis,Arecaceae,,evergreen,palm
Dypsis madagascariensis,Dypsis,Arecaceae,,deciduous,palm
Ehretia acuminata,Ehretia,Boraginaceae,,deciduous,broadleaved
Ehretia dicksonii,Ehretia,Boraginaceae,Q3049295,deciduous,broadleaved
Ehretia macrophylla,Ehretia,Boraginaceae,,deciduous,broadleaved
Ekebergia capensis,Ekebergia,Meliaceae,,deciduous,broadleaved
Elaeagnus angustifolia,Elaeagnus,Elaeagnaceae,Q157969,deciduous,broadleaved
Elaeagnus commutata,Elaeagnus,Elaeagnaceae,,deciduous,broadleaved
Elaeagnus umbellata,Elaeagnus,Elaeagnaceae,,deciduous,broadleaved
Elaeis guineensis,Elaeis,Arecaceae,,evergreen,palm
Elaeocarpus sylvestris,Elaeocarpus,Elaeocarpaceae,,evergreen,broadleaved
Embothrium coccineum,Embothrium,Proteaceae,,evergreen,broadleaved
Emmenopterys henryi,Emmenopterys,Rubiaceae,,deciduous,broadleaved
Enterolobium contortisiliquum,Enterolobium,Fabaceae,,deciduous,broadleaved
Enterolobium cyclocarpum,Enterolobium,Fabaceae,,deciduous,broadleaved
Erica arborea,Erica,Ericaceae,,evergreen,broadleaved
Erica lusitanica,Erica,Ericaceae,,evergreen,broadleaved
Eriobotrya japonica,Eriobotrya,Rosaceae,Q41505,evergreen,broadleaved
Eriolobus trilobatus,Eriolobus,Rosaceae,Q15539916,deciduous,broadleaved
Erythrina americana,Erythrina,Fabaceae,,deciduous,broadleaved
Erythrina coralloides,Erythrina,Fabaceae,,deciduous,broadleaved
Erythrina crista-galli,Erythrina,Fabaceae,,deciduous,broadleaved
Erythrina falcata,Erythrina,Fabaceae,,deciduous,broadleaved
Erythrina fusca,Erythrina,Fabaceae,,deciduous,broadleaved
Erythrina indica,Erythrina,Fabaceae,,deciduous,broadleaved
Erythrina poeppigiana,Erythrina,Fabaceae,,deciduous,broadleaved
Erythrina variegata,Erythrina,Fabaceae,,deciduous,broadleaved
Erythrina velutina,Erythrina,Fabaceae,,deciduous,broadleaved
Escallonia rubra,Escallonia,Escalloniaceae,,evergreen,broadleaved
Eucalyptus astringens,Eucalyptus,Myrtaceae,,deciduous,broadleaved
Eucalyptus bicostata,Eucalyptus,Myrtaceae,,deciduous,broadleaved
Eucalyptus botryoides,Eucalyptus,Myrtaceae,,deciduous,broadleaved
Eucalyptus caesia,Eucalyptus,Myrtaceae,,deciduous,broadleaved
Eucalyptus camaldulensis,Eucalyptus,Myrtaceae,Q162822,evergreen,broadleaved
Eucalyptus cinerea,Eucalyptus,Myrtaceae,,evergreen,broadleaved
Eucalyptus citriodora,Eucalyptus,Myrtaceae,,evergreen,broadleaved
Eucalyptus cladocalyx,Eucalyptus,Myrtaceae,Q5405566,evergreen,broadleaved
Eucalyptus conferruminata,Eucalyptus,Myrtaceae,,deciduous,broadleaved
Eucalyptus cornuta,Eucalyptus,Myrtaceae,,deciduous,broadleaved
Eucalyptus crenulata,Eucalyptus,Myrtaceae,,deciduous,broadleaved
Eucalyptus dives,Eucalyptus,Myrtaceae,,deciduous,broadleaved
Eucalyptus elata,Eucalyptus,Myrtaceae,,deciduous,broadleaved
Eucalyptus eremophila,Eucalyptus,Myrtaceae,,deciduous,broadleaved
Eucalyptus erythrocorys,Eucalyptus,Myrtaceae,,evergreen,broadleaved
Eucalyptus eximia,Eucalyptus,Myrtaceae,,deciduous,broadleaved
Eucalyptus forrestiana,Eucalyptus,Myrtaceae,,deciduous,broadleaved
Eucalyptus glaucescens,Eucalyptus,Myrtaceae,,evergreen,broadleaved
Eucalyptus globulus,Eucalyptus,Myrtaceae,Q159528,evergreen,broadleaved
Eucalyptus gomphocephala,Eucalyptus,Myrtaceae,,deciduous,broadleaved
Eucalyptus goniocalyx,Eucalyptus,Myrtaceae,,deciduous,broadleaved
Eucalyptus grandis,Eucalyptus,Myrtaceae,,deciduous,broadleaved
Eucalyptus gunnii,Eucalyptus,Myrtaceae,Q163788,evergreen,broadleaved
Eucalyptus kitsoniana,Eucalyptus,Myrtaceae,,deciduous,broadleaved
Eucalyptus lehmannii,Eucalyptus,Myrtaceae,,deciduous,broadleaved
Eucalyptus leucoxylon,Eucalyptus,Myrtaceae,Q161468,evergreen,broadleaved
Eucalyptus macrandra,Eucalyptus,Myrtaceae,,deciduous,broadleaved
Eucalyptus macrorhyncha,Eucalyptus,Myrtaceae,,deciduous,broadleaved
Eucalyptus mannifera,Eucalyptus,Myrtaceae,,evergreen,broadleaved
Eucalyptus megacornuta,Eucalyptus,Myrtaceae,,deciduous,broadleaved
Eucalyptus melliodora,Eucalyptus,Myrtaceae,,evergreen,broadleaved
Eucalyptus microcarpa,Eucalyptus,Myrtaceae,,deciduous,broadleaved
Eucalyptus newbeyi,Eucalyptus,Myrtaceae,,deciduous,broadleaved
Eucalyptus nicholii,Eucalyptus,Myrtaceae,,deciduous,broadleaved
Eucalyptus niphophila,Eucalyptus,Myrtaceae,,evergreen,broadleaved
Eucalyptus obliqua,Eucalyptus,Myrtaceae,,evergreen,broadleaved
Eucalyptus occidentalis,Eucalyptus,Myrtaceae,,deciduous,broadleaved
Eucalyptus ovata,Eucalyptus,Myrtaceae,Q955858,evergreen,broadleaved
Eucalyptus pauciflora,Eucalyptus,Myrtaceae,,evergreen,broadleaved
Eucalyptus platypus,Eucalyptus,Myrtaceae,,deciduous,broadleaved
Eucalyptus polyanthemos,Eucalyptus,Myrtaceae,,evergreen,broadleaved
Eucalyptus pseudoglobulus,Eucalyptus,Myrtaceae,,deciduous,broadleaved
Eucalyptus pulchella,Eucalyptus,Myrtaceae,,deciduous,broadleaved
Eucalyptus radiata,Eucalyptus,Myrtaceae,,deciduous,broadleaved
Eucalyptus regnans,Eucalyptus,Myrtaceae,,deciduous,broadleaved
Eucalyptus robusta,Eucalyptus,Myrtaceae,,evergreen,broadleaved
Eucalyptus rubida,Eucalyptus,Myrtaceae,,deciduous,broadleaved
Eucalyptus saligna,Eucalyptus,Myrtaceae,,evergreen,broadleaved
Eucalyptus scoparia,Eucalyptus,Myrtaceae,,deciduous,broadleaved
Eucalyptus sideroxylon,Eucalyptus,Myrtaceae,Q2667019,evergreen,broadleaved
Eucalyptus spathulata,Eucalyptus,Myrtaceae,,deciduous,broadleaved
Eucalyptus stricklandii,Eucalyptus,Myrtaceae,,deciduous,broadleaved
Eucalyptus tereticornis,Eucalyptus,Myrtaceae,,evergreen,broadleaved
Eucalyptus torquata,Eucalyptus,Myrtaceae,,evergreen,broadleaved
Eucalyptus tricarpa,Eucalyptus,Myrtaceae,,deciduous,broadleaved
Eucalyptus viminalis,Eucalyptus,Myrtaceae,,evergreen,broadleaved
Eucalyptus viridis,Eucalyptus,Myrtaceae,,deciduous,broadleaved
Eucalyptus willisii,Eucalyptus,Myrtaceae,,deciduous,broadleaved
Euclea crispa,Euclea,Ebenaceae,,evergreen,broadleaved
Eucommia ulmoides,Eucommia,Eucommiaceae,,deciduous,broadleaved
Eucryphia cordifolia,Eucryphia,Cunoniaceae,,evergreen,broadleaved
Eugenia bergii,Eugenia,Myrtaceae,,evergreen,broadleaved
Eugenia myrtifolia,Eugenia,Myrtaceae,,evergreen,broadleaved
Eugenia uniflora,Eugenia,Myrtaceae,,evergreen,broadleaved
Euodia daniellii,Euodia,Rutaceae,Q837237,evergreen,broadleaved
Euonymus alatus,Euonymus,Celastraceae,,deciduous,broadleaved
Euonymus atropurpureus,Euonymus,Celastraceae,,deciduous,broadleaved
Euonymus europaeus,Euonymus,Celastraceae,Q161379,deciduous,broadleaved
Euonymus hamiltonianus,Euonymus,Celastraceae,,deciduous,broadleaved
Euonymus japonicus,Euonymus,Celastraceae,Q161383,evergreen,broadleaved
Euonymus latifolius,Euonymus,Celastraceae,Q164379,deciduous,broadleaved
Euryops pectinatus,Euryops,Asteraceae,,evergreen,broadleaved
Euterpe oleracea,Euterpe,Arecaceae,,deciduous,palm
Euterpe precatoria,Euterpe,Arecaceae,,deciduous,palm
Fagus crenata,Fagus,Fagaceae,,deciduous,broadleaved
Fagus grandifolia,Fagus,Fagaceae,Q149219,deciduous,broadleaved
Fagus orientalis,Fagus,Fagaceae,Q1543749,deciduous,broadleaved
Fagus sylvatica,Fagus,Fagaceae,Q146149,deciduous,broadleaved
Feijoa sellowiana,Feijoa,Myrtaceae,,evergreen,broadleaved
Ficus altissima,Ficus,Moraceae,,deciduous,broadleaved
Ficus auriculata,Ficus,Moraceae,,evergreen,broadleaved
Ficus benghalensis,Ficus,Moraceae,,evergreen,broadleaved
Ficus benjamina,Ficus,Moraceae,,evergreen,broadleaved
Ficus carica,Ficus,Moraceae,Q36146,deciduous,broadleaved
Ficus cestrifolia,Ficus,Moraceae,,deciduous,broadleaved
Ficus citrifolia,Ficus,Moraceae,,evergreen,broadleaved
Ficus elastica,Ficus,Moraceae,,evergreen,broadleaved
Ficus insipida,Ficus,Moraceae,,evergreen,broadleaved
Ficus lutea,Ficus,Moraceae,,deciduous,broadleaved
Ficus macrophylla,Ficus,Moraceae,Q1439079,evergreen,broadleaved
Ficus microcarpa,Ficus,Moraceae,,evergreen,broadleaved
Ficus nitida,Ficus,Moraceae,,evergreen,broadleaved
Ficus organensis,Ficus,Moraceae,,deciduous,broadleaved
Ficus populifolia,Ficus,Moraceae,,evergreen,broadleaved
Ficus religiosa,Ficus,Moraceae,,evergreen,broadleaved
Ficus rubiginosa,Ficus,Moraceae,,evergreen,broadleaved
Ficus superba,Ficus,Moraceae,,evergreen,broadleaved
Ficus sycomorus,Ficus,Moraceae,,evergreen,broadleaved
Ficus thonningii,Ficus,Moraceae,,evergreen,broadleaved
Ficus virens,Ficus,Moraceae,,evergreen,broadleaved
Filicium decipiens,Filicium,Sapindaceae,,evergreen,broadleaved
Firmiana simplex,Firmiana,Malvaceae,,deciduous,broadleaved
Fitzroya cupressoides,Fitzroya,Cupressaceae,,evergreen,needleleaved
Flacourtia indica,Flacourtia,Salicaceae,,evergreen,broadleaved
Flueggea suffruticosa,Flueggea,Phyllanthaceae,,deciduous,broadleaved
Fontanesia fortunei,Fontanesia,Oleaceae,,deciduous,broadleaved
Forsythia viridissima,Forsythia,Oleaceae,,deciduous,broadleaved
Forsythia × intermedia,Forsythia,Oleaceae,,deciduous,broadleaved
Frangula alnus,Frangula,Rhamnaceae,Q146136,deciduous,broadleaved
Fraxinus americana,Fraxinus,Oleaceae,Q1193369,deciduous,broadleaved
Fraxinus angustifolia,Fraxinus,Oleaceae,Q518949,deciduous,broadleaved
Fraxinus chinensis,Fraxinus,Oleaceae,,deciduous,broadleaved
Fraxinus excelsior,Fraxinus,Oleaceae,Q156907,deciduous,broadleaved
Fraxinus griffithii,Fraxinus,Oleaceae,,evergreen,broadleaved
Fraxinus latifolia,Fraxinus,Oleaceae,,deciduous,broadleaved
Fraxinus mandshurica,Fraxinus,Oleaceae,,deciduous,broadleaved
Fraxinus mariesii,Fraxinus,Oleaceae,,deciduous,broadleaved
Fraxinus nigra,Fraxinus,Oleaceae,,deciduous,broadleaved
Fraxinus ornus,Fraxinus,Oleaceae,Q161421,deciduous,broadleaved
Fraxinus oxycarpa,Fraxinus,Oleaceae,Q518949,deciduous,broadleaved
Fraxinus pennsylvanica,Fraxinus,Oleaceae,Q161164,deciduous,broadleaved
Fraxinus profunda,Fraxinus,Oleaceae,,deciduous,broadleaved
Fraxinus quadrangulata,Fraxinus,Oleaceae,,deciduous,broadleaved
Fraxinus sieboldiana,Fraxinus,Oleaceae,,deciduous,broadleaved
Fraxinus tomentosa,Fraxinus,Oleaceae,,deciduous,broadleaved
Fraxinus uhdei,Fraxinus,Oleaceae,,deciduous,broadleaved
Fraxinus velutina,Fraxinus,Oleaceae,,deciduous,broadleaved
Fraxinus xanthoxyloides,Fraxinus,Oleaceae,,deciduous,broadleaved
Fuchsia magellanica,Fuchsia,Onagraceae,,evergreen,broadleaved
Garcinia madruno,Garcinia,Clusiaceae,,evergreen,broadleaved
Garrya elliptica,Garrya,Garryaceae,Q5524257,evergreen,broadleaved
Gaudium brevipes,Gaudium,Myrtaceae,,deciduous,broadleaved
Gaudium laevigatum,Gaudium,Myrtaceae,,deciduous,broadleaved
Geijera parviflora,Geijera,Rutaceae,,evergreen,broadleaved
Genipa americana,Genipa,Rubiaceae,,deciduous,broadleaved
Gevuina avellana,Gevuina,Proteaceae,,evergreen,broadleaved
Ginkgo biloba,Ginkgo,Ginkgoaceae,Q43284,deciduous,broadleaved
Gleditsia aquatica,Gleditsia,Fabaceae,Q603036,deciduous,broadleaved
Gleditsia caspica,Gleditsia,Fabaceae,Q164418,deciduous,broadleaved
Gleditsia japonica,Gleditsia,Fabaceae,Q855963,deciduous,broadleaved
Gleditsia sinensis,Gleditsia,Fabaceae,Q1021983,deciduous,broadleaved
Gleditsia triacanthos,Gleditsia,Fabaceae,Q157650,deciduous,broadleaved
Gleditsia × texana,Gleditsia,Fabaceae,Q3108643,deciduous,broadleaved
Gliricidia sepium,Gliricidia,Fabaceae,,evergreen,broadleaved
Gmelina arborea,Gmelina,Lamiaceae,,deciduous,broadleaved
Grevillea hookeriana,Grevillea,Proteaceae,,deciduous,broadleaved
Grevillea robusta,Grevillea,Proteaceae,,evergreen,broadleaved
Grevillea rosmarinifolia,Grevillea,Proteaceae,,evergreen,broadleaved
Guaiacum officinale,Guaiacum,Zygophyllaceae,,evergreen,broadleaved
Guarea guidonia,Guarea,Meliaceae,,deciduous,broadleaved
Guazuma ulmifolia,Guazuma,Malvaceae,,evergreen,broadleaved
Gustavia superba,Gustavia,Lecythidaceae,,evergreen,broadleaved
Gymnocladus dioicus,Gymnocladus,Fabaceae,Q105034954,deciduous,broadleaved
Hakea bucculenta,Hakea,Proteaceae,,deciduous,broadleaved
Hakea commutata,Hakea,Proteaceae,,deciduous,broadleaved
Hakea drupacea,Hakea,Proteaceae,,deciduous,broadleaved
Hakea francisiana,Hakea,Proteaceae,,deciduous,broadleaved
Hakea laurina,Hakea,Proteaceae,,deciduous,broadleaved
Hakea nodosa,Hakea,Proteaceae,,deciduous,broadleaved
Hakea salicifolia,Hakea,Proteaceae,,deciduous,broadleaved
Hakea sericea,Hakea,Proteaceae,,deciduous,broadleaved
Hakea suaveolens,Hakea,Proteaceae,,deciduous,broadleaved
Halesia carolina,Halesia,Styracaceae,Q3125935,deciduous,broadleaved
Halesia diptera,Halesia,Styracaceae,Q9001859,deciduous,broadleaved
Halesia monticola,Halesia,Styracaceae,Q3125935,deciduous,broadleaved
Hamamelis japonica,Hamamelis,Hamamelidaceae,,deciduous,broadleaved
Hamamelis mollis,Hamamelis,Hamamelidaceae,,deciduous,broadleaved
Hamamelis vernalis,Hamamelis,Hamamelidaceae,,deciduous,broadleaved
Hamamelis virginiana,Hamamelis,Hamamelidaceae,Q913129,deciduous,broadleaved
Hamamelis × intermedia,Hamamelis,Hamamelidaceae,,deciduous,broadleaved
Handroanthus albus,Handroanthus,Bignoniaceae,,deciduous,broadleaved
Handroanthus chrysanthus,Handroanthus,Bignoniaceae,,evergreen,broadleaved
Handroanthus chrysotrichus,Handroanthus,Bignoniaceae,,deciduous,broadleaved
Handroanthus heptaphyllus,Handroanthus,Bignoniaceae,,evergreen,broadleaved
Handroanthus impetiginosus,Handroanthus,Bignoniaceae,,deciduous,broadleaved
Handroanthus serratifolius,Handroanthus,Bignoniaceae,,deciduous,broadleaved
Hedera helix,Hedera,Araliaceae,,deciduous,broadleaved
Hedlundia austriaca,Hedlundia,Rosaceae,,deciduous,broadleaved
Hedlundia hybrida,Hedlundia,Rosaceae,,deciduous,broadleaved
Hedlundia intermedia,Hedlundia,Rosaceae,Q139936592,deciduous,broadleaved
Hedlundia mougeotii,Hedlundia,Rosaceae,,deciduous,broadleaved
Hedlundia pseudofennica,Hedlundia,Rosaceae,,deciduous,broadleaved
Hedlundia thuringiaca,Hedlundia,Rosaceae,Q41297396,deciduous,broadleaved
Hemiptelea davidii,Hemiptelea,Ulmaceae,,deciduous,broadleaved
Heptacodium miconioides,Heptacodium,Caprifoliaceae,,deciduous,broadleaved
Heptapleurum actinophyllum,Heptapleurum,Araliaceae,,evergreen,broadleaved
Hesperocyparis abramsiana,Hesperocyparis,Cupressaceae,Q32856048,evergreen,needleleaved
Hesperocyparis arizonica,Hesperocyparis,Cupressaceae,Q670040,evergreen,needleleaved
Hesperocyparis bakeri,Hesperocyparis,Cupressaceae,Q32856049,evergreen,needleleaved
Hesperocyparis glabra,Hesperocyparis,Cupressaceae,,evergreen,needleleaved
Hesperocyparis guadalupensis,Hesperocyparis,Cupressaceae,Q67192921,evergreen,needleleaved
Hesperocyparis lusitanica,Hesperocyparis,Cupressaceae,Q50843037,evergreen,needleleaved
Hesperocyparis macrocarpa,Hesperocyparis,Cupressaceae,Q32856056,evergreen,needleleaved
Hesperocyparis sargentii,Hesperocyparis,Cupressaceae,Q32856061,evergreen,needleleaved
Hibiscus elatus,Hibiscus,Malvaceae,,evergreen,broadleaved
Hibiscus rosa-sinensis,Hibiscus,Malvaceae,,evergreen,broadleaved
Hibiscus syriacus,Hibiscus,Malvaceae,Q157756,deciduous,broadleaved
Hibiscus tiliaceus,Hibiscus,Malvaceae,,evergreen,broadleaved
Hibiscus × rosa-sinensis,Hibiscus,Malvaceae,,evergreen,broadleaved
Hippophae rhamnoides,Hippophae,Elaeagnaceae,,deciduous,broadleaved
Hoheria × sexangusta,Hoheria,Malvaceae,Q15375287,evergreen,broadleaved
Holarrhena pubescens,Holarrhena,Apocynaceae,,deciduous,broadleaved
Hovenia dulcis,Hovenia,Rhamnaceae,Q1478203,deciduous,broadleaved
Hovenia tomentella,Hovenia,Rhamnaceae,Q17248463,deciduous,broadleaved
Hura crepitans,Hura,Euphorbiaceae,,evergreen,broadleaved
Hydrangea macrophylla,Hydrangea,Hydrangeaceae,,deciduous,broadleaved
Hymenaea courbaril,Hymenaea,Fabaceae,,deciduous,broadleaved
Hymenosporum flavum,Hymenosporum,Pittosporaceae,,deciduous,broadleaved
Hyophorbe lagenicaulis,Hyophorbe,Arecaceae,,deciduous,palm
Hyophorbe verschaffeltii,Hyophorbe,Arecaceae,,deciduous,palm
Idesia polycarpa,Idesia,Salicaceae,,deciduous,broadleaved
Ilex ambigua,Ilex,Aquifoliaceae,Q5997640,deciduous,broadleaved
Ilex amelanchier,Ilex,Aquifoliaceae,Q5997638,deciduous,broadleaved
Ilex aquifolium,Ilex,Aquifoliaceae,Q192190,evergreen,broadleaved
Ilex canariensis,Ilex,Aquifoliaceae,Q3315524,evergreen,broadleaved
Ilex cassine,Ilex,Aquifoliaceae,Q3141413,evergreen,broadleaved
Ilex chinensis,Ilex,Aquifoliaceae,,evergreen,broadleaved
Ilex coriacea,Ilex,Aquifoliaceae,Q5997666,evergreen,broadleaved
Ilex cornuta,Ilex,Aquifoliaceae,Q10744050,evergreen,broadleaved
Ilex crenata,Ilex,Aquifoliaceae,,deciduous,broadleaved
Ilex cuthbertii,Ilex,Aquifoliaceae,Q17270999,deciduous,broadleaved
Ilex decidua,Ilex,Aquifoliaceae,Q5997670,deciduous,broadleaved
Ilex integra,Ilex,Aquifoliaceae,,evergreen,broadleaved
Ilex krugiana,Ilex,Aquifoliaceae,Q17248673,evergreen,broadleaved
Ilex latifolia,Ilex,Aquifoliaceae,Q2706373,evergreen,broadleaved
Ilex longipes,Ilex,Aquifoliaceae,Q17247945,deciduous,broadleaved
Ilex montana,Ilex,Aquifoliaceae,Q12060682,deciduous,broadleaved
Ilex mucronata,Ilex,Aquifoliaceae,Q5997691,deciduous,broadleaved
Ilex myrtifolia,Ilex,Aquifoliaceae,Q17251993,evergreen,broadleaved
Ilex opaca,Ilex,Aquifoliaceae,Q2712730,evergreen,broadleaved
Ilex pedunculosa,Ilex,Aquifoliaceae,,deciduous,broadleaved
Ilex rotunda,Ilex,Aquifoliaceae,Q844306,evergreen,broadleaved
Ilex verticillata,Ilex,Aquifoliaceae,Q3487324,deciduous,broadleaved
Ilex vomitoria,Ilex,Aquifoliaceae,Q1010694,evergreen,broadleaved
Ilex × altaclerensis,Ilex,Aquifoliaceae,Q21169985,evergreen,broadleaved
Ilex × aquipernyi,Ilex,Aquifoliaceae,,deciduous,broadleaved
Inga edulis,Inga,Fabaceae,,evergreen,broadleaved
Iriartea deltoidea,Iriartea,Arecaceae,,deciduous,palm
Jacaranda acutifolia,Jacaranda,Bignoniaceae,,deciduous,broadleaved
Jacaranda caucana,Jacaranda,Bignoniaceae,,deciduous,broadleaved
Jacaranda cuspidifolia,Jacaranda,Bignoniaceae,,deciduous,broadleaved
Jacaranda mimosifolia,Jacaranda,Bignoniaceae,Q838818,deciduous,broadleaved
Jacaranda ovalifolia,Jacaranda,Bignoniaceae,Q838818,deciduous,broadleaved
Jasminum officinale,Jasminum,Oleaceae,,evergreen,broadleaved
Jubaea chilensis,Jubaea,Arecaceae,Q290967,evergreen,palm
Juglans ailantifolia,Juglans,Juglandaceae,Q1655870,deciduous,broadleaved
Juglans californica,Juglans,Juglandaceae,Q890824,deciduous,broadleaved
Juglans cinerea,Juglans,Juglandaceae,Q630288,deciduous,broadleaved
Juglans mandshurica,Juglans,Juglandaceae,Q311361,deciduous,broadleaved
Juglans microcarpa,Juglans,Juglandaceae,,deciduous,broadleaved
Juglans neotropica,Juglans,Juglandaceae,,evergreen,broadleaved
Juglans nigra,Juglans,Juglandaceae,Q852572,deciduous,broadleaved
Juglans regia,Juglans,Juglandaceae,Q46871,deciduous,broadleaved
Juglans sigillata,Juglans,Juglandaceae,Q958336,deciduous,broadleaved
Juniperus chinensis,Juniperus,Cupressaceae,,evergreen,needleleaved
Juniperus communis,Juniperus,Cupressaceae,Q26325,evergreen,needleleaved
Juniperus deppeana,Juniperus,Cupressaceae,,evergreen,needleleaved
Juniperus drupacea,Juniperus,Cupressaceae,,deciduous,needleleaved
Juniperus horizontalis,Juniperus,Cupressaceae,,evergreen,needleleaved
Juniperus monosperma,Juniperus,Cupressaceae,,evergreen,needleleaved
Juniperus oxycedrus,Juniperus,Cupressaceae,,evergreen,needleleaved
Juniperus phoenicea,Juniperus,Cupressaceae,,evergreen,needleleaved
Juniperus sabina,Juniperus,Cupressaceae,,evergreen,needleleaved
Juniperus scopulorum,Juniperus,Cupressaceae,Q533674,evergreen,needleleaved
Juniperus squamata,Juniperus,Cupressaceae,,evergreen,needleleaved
Juniperus thurifera,Juniperus,Cupressaceae,,evergreen,needleleaved
Juniperus virginiana,Juniperus,Cupressaceae,Q157522,evergreen,needleleaved
Juniperus × pfitzeriana,Juniperus,Cupressaceae,,evergreen,needleleaved
Kalopanax septemlobus,Kalopanax,Araliaceae,,deciduous,broadleaved
Karpatiosorbus devoniensis,Karpatiosorbus,Rosaceae,,deciduous,broadleaved
Karpatiosorbus latifolia,Karpatiosorbus,Rosaceae,,deciduous,broadleaved
Khaya senegalensis,Khaya,Meliaceae,,evergreen,broadleaved
Kigelia africana,Kigelia,Bignoniaceae,,deciduous,broadleaved
Kigelia pinnata,Kigelia,Bignoniaceae,,deciduous,broadleaved
Koelreuteria bipinnata,Koelreuteria,Sapindaceae,,deciduous,broadleaved
Koelreuteria paniculata,Koelreuteria,Sapindaceae,Q844835,deciduous,broadleaved
Kolkwitzia amabilis,Kolkwitzia,Caprifoliaceae,,deciduous,broadleaved
Laburnum alpinum,Laburnum,Fabaceae,Q3497019,deciduous,broadleaved
Laburnum anagyroides,Laburnum,Fabaceae,Q147939,deciduous,broadleaved
Laburnum watereri,Laburnum,Fabaceae,Q12317600,deciduous,broadleaved
Laburnum × watereri,Laburnum,Fabaceae,Q12317600,deciduous,broadleaved
Lafoensia acuminata,Lafoensia,Lythraceae,,evergreen,broadleaved
Lagerstroemia indica,Lagerstroemia,Lythraceae,Q1148692,deciduous,broadleaved
Lagerstroemia speciosa,Lagerstroemia,Lythraceae,,deciduous,broadleaved
Lagerstroemia subcostata,Lagerstroemia,Lythraceae,,deciduous,broadleaved
Lagunaria patersonia,Lagunaria,Malvaceae,Q1999042,evergreen,broadleaved
Larix decidua,Larix,Pinaceae,Q146048,deciduous,needleleaved
Larix gmelinii,Larix,Pinaceae,Q756334,deciduous,needleleaved
Larix kaempferi,Larix,Pinaceae,Q147439,deciduous,needleleaved
Larix laricina,Larix,Pinaceae,Q734085,deciduous,needleleaved
Larix marschlinsii,Larix,Pinaceae,,deciduous,needleleaved
Larix polonica,Larix,Pinaceae,Q146048,deciduous,needleleaved
Larix sibirica,Larix,Pinaceae,,deciduous,needleleaved
Larix × eurolepis,Larix,Pinaceae,,deciduous,needleleaved
Larix × marschlinsii,Larix,Pinaceae,,deciduous,needleleaved
Latania borbonica,Latania,Arecaceae,,deciduous,palm
Latania lontaroides,Latania,Arecaceae,,deciduous,palm
Laurelia sempervirens,Laurelia,Atherospermataceae,,evergreen,broadleaved
Laurus nobilis,Laurus,Lauraceae,Q26006,evergreen,broadleaved
Leptospermum brevipes,Leptospermum,Myrtaceae,,deciduous,broadleaved
Leptospermum laevigatum,Leptospermum,Myrtaceae,,deciduous,broadleaved
Leptospermum obovatum,Leptospermum,Myrtaceae,,deciduous,broadleaved
Leptospermum petersonii,Leptospermum,Myrtaceae,,deciduous,broadleaved
Leucaena leucocephala,Leucaena,Fabaceae,,evergreen,broadleaved
Libidibia ferrea,Libidibia,Fabaceae,,deciduous,broadleaved
Libidibia leiostachya,Libidibia,Fabaceae,,deciduous,broadleaved
Libidibia punctata,Libidibia,Fabaceae,,evergreen,broadleaved
Libocedrus decurrens,Libocedrus,Cupressaceae,,evergreen,needleleaved
Licania tomentosa,Licania,Chrysobalanaceae,,evergreen,broadleaved
Ligustrum compactum,Ligustrum,Oleaceae,Q15227996,deciduous,broadleaved
Ligustrum ibota,Ligustrum,Oleaceae,,deciduous,broadleaved
Ligustrum japonicum,Ligustrum,Oleaceae,Q1209219,evergreen,broadleaved
Ligustrum lucidum,Ligustrum,Oleaceae,Q732933,evergreen,broadleaved
Ligustrum ovalifolium,Ligustrum,Oleaceae,,evergreen,broadleaved
Ligustrum sinense,Ligustrum,Oleaceae,,evergreen,broadleaved
Ligustrum vulgare,Ligustrum,Oleaceae,,evergreen,broadleaved
Liquidambar formosana,Liquidambar,Altingiaceae,Q986006,deciduous,broadleaved
Liquidambar orientalis,Liquidambar,Altingiaceae,Q2093169,deciduous,broadleaved
Liquidambar styraciflua,Liquidambar,Altingiaceae,Q469652,deciduous,broadleaved
Liriodendron chinense,Liriodendron,Magnoliaceae,Q1074257,deciduous,broadleaved
Liriodendron tulipifera,Liriodendron,Magnoliaceae,Q158783,deciduous,broadleaved
Lithocarpus edulis,Lithocarpus,Fagaceae,,evergreen,broadleaved
Lithocarpus glaber,Lithocarpus,Fagaceae,,evergreen,broadleaved
Lithraea caustica,Lithraea,Anacardiaceae,,evergreen,broadleaved
Livistona chinensis,Livistona,Arecaceae,Q709649,evergreen,palm
Livistona decora,Livistona,Arecaceae,,evergreen,palm
Livistona drudei,Livistona,Arecaceae,,deciduous,palm
Livistona rotundifolia,Livistona,Arecaceae,,deciduous,palm
Lomatia dentata,Lomatia,Proteaceae,,evergreen,broadleaved
Lomatia ferruginea,Lomatia,Proteaceae,,evergreen,broadleaved
Lomatia hirsuta,Lomatia,Proteaceae,,evergreen,broadleaved
Lonicera maackii,Lonicera,Caprifoliaceae,,deciduous,broadleaved
Lophostemon confertus,Lophostemon,Myrtaceae,Q1002860,evergreen,broadleaved
Luma apiculata,Luma,Myrtaceae,Q699330,evergreen,broadleaved
Lycium ferocissimum,Lycium,Solanaceae,,deciduous,broadleaved
Lyonothamnus floribundus,Lyonothamnus,Rosaceae,,deciduous,broadleaved
Lysiloma latisiliquum,Lysiloma,Fabaceae,,deciduous,broadleaved
Maackia amurensis,Maackia,Fabaceae,Q1353893,deciduous,broadleaved
Macaranga tanarius,Macaranga,Euphorbiaceae,,evergreen,broadleaved
Machilus thunbergii,Machilus,Lauraceae,,evergreen,broadleaved
Maclura pomifera,Maclura,Moraceae,Q1066106,deciduous,broadleaved
Macromeles tschonoskii,Macromeles,Rosaceae,Q17245524,deciduous,broadleaved
Madhuca longifolia,Madhuca,Sapotaceae,,deciduous,broadleaved
Magnolia acuminata,Magnolia,Magnoliaceae,Q1249099,deciduous,broadleaved
Magnolia campbellii,Magnolia,Magnoliaceae,,deciduous,broadleaved
Magnolia champaca,Magnolia,Magnoliaceae,,evergreen,broadleaved
Magnolia cylindrica,Magnolia,Magnoliaceae,Q137046,deciduous,broadleaved
Magnolia delavayi,Magnolia,Magnoliaceae,Q2589444,evergreen,broadleaved
Magnolia denudata,Magnolia,Magnoliaceae,Q794061,deciduous,broadleaved
Magnolia doltsopa,Magnolia,Magnoliaceae,,deciduous,broadleaved
Magnolia grandiflora,Magnolia,Magnoliaceae,Q161116,evergreen,broadleaved
Magnolia hypoleuca,Magnolia,Magnoliaceae,Q161116,evergreen,broadleaved
Magnolia kobus,Magnolia,Magnoliaceae,Q942409,deciduous,broadleaved
Magnolia liliiflora,Magnolia,Magnoliaceae,Q942031,deciduous,broadleaved
Magnolia loebneri,Magnolia,Magnoliaceae,Q3206440,deciduous,broadleaved
Magnolia macrophylla,Magnolia,Magnoliaceae,,deciduous,broadleaved
Magnolia obovata,Magnolia,Magnoliaceae,Q161116,evergreen,broadleaved
Magnolia salicifolia,Magnolia,Magnoliaceae,,deciduous,broadleaved
Magnolia sieboldii,Magnolia,Magnoliaceae,Q1378390,deciduous,broadleaved
Magnolia soulangeana,Magnolia,Magnoliaceae,Q731443,deciduous,broadleaved
Magnolia sprengeri,Magnolia,Magnoliaceae,,deciduous,broadleaved
Magnolia stellata,Magnolia,Magnoliaceae,Q839507,deciduous,broadleaved
Magnolia tripetala,Magnolia,Magnoliaceae,Q990982,deciduous,broadleaved
Magnolia virginiana,Magnolia,Magnoliaceae,Q1859063,deciduous,broadleaved
Magnolia yulan,Magnolia,Magnoliaceae,Q50844810,deciduous,broadleaved
Magnolia × alba,Magnolia,Magnoliaceae,,evergreen,broadleaved
Magnolia × brooklynensis,Magnolia,Magnoliaceae,Q11766240,deciduous,broadleaved
Magnolia × loebneri,Magnolia,Magnoliaceae,Q3206440,deciduous,broadleaved
Magnolia × soulangeana,Magnolia,Magnoliaceae,Q731443,deciduous,broadleaved
Mahonia aquifolium,Mahonia,Berberidaceae,,deciduous,broadleaved
Malpighia emarginata,Malpighia,Malpighiaceae,,evergreen,broadleaved
Malus asiatica,Malus,Rosaceae,,deciduous,broadleaved
Malus baccata,Malus,Rosaceae,Q1743596,deciduous,broadleaved
Malus communis,Malus,Rosaceae,Q146281,deciduous,broadleaved
Malus coronaria,Malus,Rosaceae,,deciduous,broadleaved
Malus denboerii,Malus,Rosaceae,,deciduous,broadleaved
Malus domestica,Malus,Rosaceae,Q18674606,deciduous,broadleaved
Malus floribunda,Malus,Rosaceae,,deciduous,broadleaved
Malus fusca,Malus,Rosaceae,,deciduous,broadleaved
Malus hupehensis,Malus,Rosaceae,Q1712421,deciduous,broadleaved
Malus ioensis,Malus,Rosaceae,,deciduous,broadleaved
Malus niedzwetzkyana,Malus,Rosaceae,Q18674606,deciduous,broadleaved
Malus prunifolia,Malus,Rosaceae,,deciduous,broadleaved
Malus pumila,Malus,Rosaceae,Q18674606,deciduous,broadleaved
Malus purpurea,Malus,Rosaceae,,deciduous,broadleaved
Malus sargentii,Malus,Rosaceae,,deciduous,broadleaved
Malus sieboldii,Malus,Rosaceae,,deciduous,broadleaved
Malus sieversii,Malus,Rosaceae,Q18674606,deciduous,broadleaved
Malus spectabilis,Malus,Rosaceae,Q1074153,deciduous,broadleaved
Malus sylvestris,Malus,Rosaceae,Q47161,deciduous,broadleaved
Malus toringo,Malus,Rosaceae,,deciduous,broadleaved
Malus toringoides,Malus,Rosaceae,,deciduous,broadleaved
Malus trilobata,Malus,Rosaceae,,deciduous,broadleaved
Malus tschonoskii,Malus,Rosaceae,Q17245524,deciduous,broadleaved
Malus yunnanensis,Malus,Rosaceae,,deciduous,broadleaved
Malus zumi,Malus,Rosaceae,,deciduous,broadleaved
Malus × adstringens,Malus,Rosaceae,,deciduous,broadleaved
Malus × atrosanguinea,Malus,Rosaceae,,deciduous,broadleaved
Malus × denboerii,Malus,Rosaceae,,deciduous,broadleaved
Malus × floribunda,Malus,Rosaceae,,deciduous,broadleaved
Malus × moerlandsii,Malus,Rosaceae,,deciduous,broadleaved
Malus × purpurea,Malus,Rosaceae,,deciduous,broadleaved
Malus × robusta,Malus,Rosaceae,,deciduous,broadleaved
Malus × zumi,Malus,Rosaceae,,deciduous,broadleaved
Mangifera indica,Mangifera,Anacardiaceae,Q3919027,evergreen,broadleaved
Manihot grahamii,Manihot,Euphorbiaceae,,deciduous,broadleaved
Manilkara kauki,Manilkara,Sapotaceae,,evergreen,broadleaved
Margaritaria nobilis,Margaritaria,Phyllanthaceae,,evergreen,broadleaved
Matisia cordata,Matisia,Malvaceae,,evergreen,broadleaved
Mauritia flexuosa,Mauritia,Arecaceae,,deciduous,palm
Maytenus boaria,Maytenus,Celastraceae,Q1152753,evergreen,broadleaved
Melaleuca armillaris,Melaleuca,Myrtaceae,Q145525,deciduous,broadleaved
Melaleuca bracteata,Melaleuca,Myrtaceae,,deciduous,broadleaved
Melaleuca cajuputi,Melaleuca,Myrtaceae,,deciduous,broadleaved
Melaleuca citrina,Melaleuca,Myrtaceae,,evergreen,broadleaved
Melaleuca deanei,Melaleuca,Myrtaceae,,deciduous,broadleaved
Melaleuca decussata,Melaleuca,Myrtaceae,,deciduous,broadleaved
Melaleuca elliptica,Melaleuca,Myrtaceae,,deciduous,broadleaved
Melaleuca ericifolia,Melaleuca,Myrtaceae,Q145525,deciduous,broadleaved
Melaleuca glauca,Melaleuca,Myrtaceae,,evergreen,broadleaved
Melaleuca halmaturorum,Melaleuca,Myrtaceae,,deciduous,broadleaved
Melaleuca hypericifolia,Melaleuca,Myrtaceae,,deciduous,broadleaved
Melaleuca lanceolata,Melaleuca,Myrtaceae,,deciduous,broadleaved
Melaleuca linariifolia,Melaleuca,Myrtaceae,Q2709936,deciduous,broadleaved
Melaleuca linearis,Melaleuca,Myrtaceae,,deciduous,broadleaved
Melaleuca lophantha,Melaleuca,Myrtaceae,,deciduous,broadleaved
Melaleuca lutea,Melaleuca,Myrtaceae,,deciduous,broadleaved
Melaleuca nesophila,Melaleuca,Myrtaceae,,deciduous,broadleaved
Melaleuca pallida,Melaleuca,Myrtaceae,,deciduous,broadleaved
Melaleuca parvistaminea,Melaleuca,Myrtaceae,,deciduous,broadleaved
Melaleuca phoenicea,Melaleuca,Myrtaceae,,deciduous,broadleaved
Melaleuca quinquenervia,Melaleuca,Myrtaceae,,evergreen,broadleaved
Melaleuca squarrosa,Melaleuca,Myrtaceae,,deciduous,broadleaved
Melaleuca styphelioides,Melaleuca,Myrtaceae,Q6811101,deciduous,broadleaved
Melaleuca viminalis,Melaleuca,Myrtaceae,Q22113637,deciduous,broadleaved
Melia azedarach,Melia,Meliaceae,Q162171,deciduous,broadleaved
Melicoccus bijugatus,Melicoccus,Sapindaceae,,evergreen,broadleaved
Mespilus germanica,Mespilus,Rosaceae,Q146186,deciduous,broadleaved
Mesua ferrea,Mesua,Calophyllaceae,,evergreen,broadleaved
Metasequoia glyptostroboides,Metasequoia,Cupressaceae,Q156800,deciduous,needleleaved
Metrosideros excelsa,Metrosideros,Myrtaceae,,evergreen,broadleaved
Michelia doltsopa,Michelia,Magnoliaceae,,deciduous,broadleaved
Michelia × alba,Michelia,Magnoliaceae,,evergreen,broadleaved
Micromeles alnifolia,Micromeles,Rosaceae,,deciduous,broadleaved
Micromeles vestita,Micromeles,Rosaceae,,deciduous,broadleaved
Millettia pinnata,Millettia,Fabaceae,,evergreen,broadleaved
Millingtonia hortensis,Millingtonia,Bignoniaceae,,evergreen,broadleaved
Mimusops elengi,Mimusops,Sapotaceae,,evergreen,broadleaved
Monoon longifolium,Monoon,Annonaceae,,evergreen,broadleaved
Moquilea tomentosa,Moquilea,Chrysobalanaceae,,evergreen,broadleaved
Morella rubra,Morella,Myricaceae,,evergreen,broadleaved
Moringa oleifera,Moringa,Moringaceae,,evergreen,broadleaved
Morus acidosa,Morus,Moraceae,,deciduous,broadleaved
Morus alba,Morus,Moraceae,Q157307,deciduous,broadleaved
Morus australis,Morus,Moraceae,,deciduous,broadleaved
Morus bombycis,Morus,Moraceae,,deciduous,broadleaved
Morus indica,Morus,Moraceae,,deciduous,broadleaved
Morus kagayamae,Morus,Moraceae,,deciduous,broadleaved
Morus nigra,Morus,Moraceae,Q161040,deciduous,broadleaved
Morus papyrifera,Morus,Moraceae,Q21977496,deciduous,broadleaved
Morus rubra,Morus,Moraceae,Q1520764,deciduous,broadleaved
Muntingia calabura,Muntingia,Muntingiaceae,,deciduous,broadleaved
Murraya paniculata,Murraya,Rutaceae,,evergreen,broadleaved
Musa acuminata,Musa,Musaceae,,evergreen,broadleaved
Musa basjoo,Musa,Musaceae,,deciduous,broadleaved
Musa × paradisiaca,Musa,Musaceae,,evergreen,broadleaved
Myoporum insulare,Myoporum,Scrophulariaceae,,deciduous,broadleaved
Myoporum laetum,Myoporum,Scrophulariaceae,,evergreen,broadleaved
Myracrodruon urundeuva,Myracrodruon,Anacardiaceae,,deciduous,broadleaved
Myrcianthes coquimbensis,Myrcianthes,Myrtaceae,,evergreen,broadleaved
Myrcianthes rhopaloides,Myrcianthes,Myrtaceae,,evergreen,broadleaved
Myrica pensylvanica,Myrica,Myricaceae,,deciduous,broadleaved
Myrica pubescens,Myrica,Myricaceae,,evergreen,broadleaved
Myrica rubra,Myrica,Myricaceae,,evergreen,broadleaved
Myrtus communis,Myrtus,Myrtaceae,,evergreen,broadleaved
Nageia nagi,Nageia,Podocarpaceae,,evergreen,needleleaved
Nandina domestica,Nandina,Berberidaceae,,evergreen,broadleaved
Nauclea orientalis,Nauclea,Rubiaceae,,deciduous,broadleaved
Neillia incisa,Neillia,Rosaceae,,deciduous,broadleaved
Neltuma caldenia,Neltuma,Fabaceae,,evergreen,broadleaved
Neltuma chilensis,Neltuma,Fabaceae,,evergreen,broadleaved
Neltuma juliflora,Neltuma,Fabaceae,,evergreen,broadleaved
Nerium oleander,Nerium,Apocynaceae,,evergreen,broadleaved
Normanbya normanbyi,Normanbya,Arecaceae,,deciduous,palm
Nothofagus alpina,Nothofagus,Nothofagaceae,,deciduous,broadleaved
Nothofagus antarctica,Nothofagus,Nothofagaceae,Q571422,deciduous,broadleaved
Nothofagus dombeyi,Nothofagus,Nothofagaceae,,evergreen,broadleaved
Nothofagus menziesii,Nothofagus,Nothofagaceae,,evergreen,broadleaved
Nothofagus obliqua,Nothofagus,Nothofagaceae,Q1486147,deciduous,broadleaved
Nyssa sinensis,Nyssa,Nyssaceae,,deciduous,broadleaved
Nyssa sylvatica,Nyssa,Nyssaceae,Q3179665,deciduous,broadleaved
Ochroma pyramidale,Ochroma,Malvaceae,,evergreen,broadleaved
Olea europaea,Olea,Oleaceae,Q37083,evergreen,broadleaved
Opuntia ficus-indica,Opuntia,Cactaceae,,evergreen,broadleaved
Orania palindan,Orania,Arecaceae,,deciduous,palm
Ormosia macrophylla,Ormosia,Fabaceae,,evergreen,broadleaved
Osmanthus fragrans,Osmanthus,Oleaceae,,evergreen,broadleaved
Osmanthus heterophyllus,Osmanthus,Oleaceae,,evergreen,broadleaved
Osmanthus × burkwoodii,Osmanthus,Oleaceae,,deciduous,broadleaved
Ostrya carpinifolia,Ostrya,Betulaceae,Q1367533,deciduous,broadleaved
Ostrya japonica,Ostrya,Betulaceae,,deciduous,broadleaved
Ostrya knowltonii,Ostrya,Betulaceae,Q4498408,deciduous,broadleaved
Ostrya virginiana,Ostrya,Betulaceae,Q1489573,deciduous,broadleaved
Oxydendrum arboreum,Oxydendrum,Ericaceae,,deciduous,broadleaved
Pachira aquatica,Pachira,Malvaceae,,evergreen,broadleaved
Pachira speciosa,Pachira,Malvaceae,,evergreen,broadleaved
Pachycereus pringlei,Pachycereus,Cactaceae,,evergreen,broadleaved
Padus avium,Padus,Rosaceae,Q165424,deciduous,broadleaved
Pandanus tectorius,Pandanus,Pandanaceae,,evergreen,broadleaved
Pandanus utilis,Pandanus,Pandanaceae,,evergreen,broadleaved
Parkia biglobosa,Parkia,Fabaceae,,deciduous,broadleaved
Parkinsonia aculeata,Parkinsonia,Fabaceae,,evergreen,broadleaved
Parkinsonia florida,Parkinsonia,Fabaceae,,deciduous,broadleaved
Parrotia persica,Parrotia,Hamamelidaceae,Q1138533,deciduous,broadleaved
Parthenocissus inserta,Parthenocissus,Vitaceae,,deciduous,broadleaved
Paubrasilia echinata,Paubrasilia,Fabaceae,,evergreen,broadleaved
Paulownia fortunei,Paulownia,Paulowniaceae,,deciduous,broadleaved
Paulownia tomentosa,Paulownia,Paulowniaceae,Q157393,deciduous,broadleaved
Peltophorum dubium,Peltophorum,Fabaceae,,deciduous,broadleaved
Peltophorum pterocarpum,Peltophorum,Fabaceae,,deciduous,broadleaved
Pentaclethra macroloba,Pentaclethra,Fabaceae,,evergreen,broadleaved
Persea americana,Persea,Lauraceae,Q37153,evergreen,broadleaved
Persea caerulea,Persea,Lauraceae,,evergreen,broadleaved
Persea lingue,Persea,Lauraceae,,evergreen,broadleaved
Phanera vahlii,Phanera,Fabaceae,,deciduous,broadleaved
Phellodendron amurense,Phellodendron,Rutaceae,Q481711,deciduous,broadleaved
Phellodendron chinense,Phellodendron,Rutaceae,,deciduous,broadleaved
Phellodendron japonicum,Phellodendron,Rutaceae,Q481711,deciduous,broadleaved
Phillyrea angustifolia,Phillyrea,Oleaceae,,evergreen,broadleaved
Phillyrea latifolia,Phillyrea,Oleaceae,,deciduous,broadleaved
Phoenix canariensis,Phoenix,Arecaceae,Q27657,evergreen,palm
Phoenix dactylifera,Phoenix,Arecaceae,Q25292,evergreen,palm
Phoenix reclinata,Phoenix,Arecaceae,,evergreen,palm
Phoenix roebelenii,Phoenix,Arecaceae,,evergreen,palm
Phoenix sylvestris,Phoenix,Arecaceae,Q2285767,evergreen,palm
Phoenix theophrasti,Phoenix,Arecaceae,,deciduous,palm
Photinia fraseri,Photinia,Rosaceae,Q3901693,evergreen,broadleaved
Photinia glabra,Photinia,Rosaceae,,evergreen,broadleaved
Photinia serratifolia,Photinia,Rosaceae,Q5220976,evergreen,broadleaved
Photinia serrulata,Photinia,Rosaceae,,evergreen,broadleaved
Photinia villosa,Photinia,Rosaceae,,deciduous,broadleaved
Photinia × fraseri,Photinia,Rosaceae,Q3901693,evergreen,broadleaved
Phyllostachys aurea,Phyllostachys,Poaceae,,evergreen,broadleaved
Phytolacca dioica,Phytolacca,Phytolaccaceae,,deciduous,broadleaved
Picea abies,Picea,Pinaceae,Q145992,evergreen,needleleaved
Picea asperata,Picea,Pinaceae,Q3239660,evergreen,needleleaved
Picea brachytyla,Picea,Pinaceae,Q39529,evergreen,needleleaved
Picea breweriana,Picea,Pinaceae,,evergreen,needleleaved
Picea engelmannii,Picea,Pinaceae,,evergreen,needleleaved
Picea glauca,Picea,Pinaceae,Q128116,evergreen,needleleaved
Picea glehnii,Picea,Pinaceae,Q1151932,evergreen,needleleaved
Picea jezoensis,Picea,Pinaceae,,evergreen,needleleaved
Picea laxa,Picea,Pinaceae,Q50847339,evergreen,needleleaved
Picea likiangensis,Picea,Pinaceae,,evergreen,needleleaved
Picea mariana,Picea,Pinaceae,,evergreen,needleleaved
Picea maximowiczii,Picea,Pinaceae,Q2411222,evergreen,needleleaved
Picea nigra,Picea,Pinaceae,,evergreen,needleleaved
Picea obovata,Picea,Pinaceae,,evergreen,needleleaved
Picea omorika,Picea,Pinaceae,Q147824,evergreen,needleleaved
Picea orientalis,Picea,Pinaceae,,evergreen,needleleaved
Picea pungens,Picea,Pinaceae,Q146025,evergreen,needleleaved
Picea rubens,Picea,Pinaceae,,evergreen,needleleaved
Picea sitchensis,Picea,Pinaceae,Q147426,evergreen,needleleaved
Picea smithiana,Picea,Pinaceae,Q1548216,evergreen,needleleaved
Picrasma excelsa,Picrasma,Simaroubaceae,,evergreen,broadleaved
Picrasma quassioides,Picrasma,Simaroubaceae,,deciduous,broadleaved
Piliostigma malabaricum,Piliostigma,Fabaceae,,deciduous,broadleaved
Pinus aristata,Pinus,Pinaceae,,deciduous,needleleaved
Pinus armandi,Pinus,Pinaceae,,evergreen,needleleaved
Pinus attenuata,Pinus,Pinaceae,,evergreen,needleleaved
Pinus banksiana,Pinus,Pinaceae,,evergreen,needleleaved
Pinus brutia,Pinus,Pinaceae,,evergreen,needleleaved
Pinus bungeana,Pinus,Pinaceae,Q1074872,evergreen,needleleaved
Pinus canariensis,Pinus,Pinaceae,,evergreen,needleleaved
Pinus caribaea,Pinus,Pinaceae,,evergreen,needleleaved
Pinus cembra,Pinus,Pinaceae,Q147278,evergreen,needleleaved
Pinus contorta,Pinus,Pinaceae,,evergreen,needleleaved
Pinus coulteri,Pinus,Pinaceae,,evergreen,needleleaved
Pinus densiflora,Pinus,Pinaceae,Q1044186,evergreen,needleleaved
Pinus echinata,Pinus,Pinaceae,,evergreen,needleleaved
Pinus edulis,Pinus,Pinaceae,,evergreen,needleleaved
Pinus eldarica,Pinus,Pinaceae,,evergreen,needleleaved
Pinus elliottii,Pinus,Pinaceae,,evergreen,needleleaved
Pinus flexilis,Pinus,Pinaceae,Q594993,evergreen,needleleaved
Pinus glabra,Pinus,Pinaceae,Q539249,evergreen,needleleaved
Pinus griffithii,Pinus,Pinaceae,Q747652,evergreen,needleleaved
Pinus halepensis,Pinus,Pinaceae,,evergreen,needleleaved
Pinus heldreichii,Pinus,Pinaceae,Q460531,evergreen,needleleaved
Pinus jeffreyi,Pinus,Pinaceae,,evergreen,needleleaved
Pinus koraiensis,Pinus,Pinaceae,,evergreen,needleleaved
Pinus leucodermis,Pinus,Pinaceae,Q460531,evergreen,needleleaved
Pinus luchuensis,Pinus,Pinaceae,,evergreen,needleleaved
Pinus maritima,Pinus,Pinaceae,Q271582,evergreen,needleleaved
Pinus montezumae,Pinus,Pinaceae,,evergreen,needleleaved
Pinus monticola,Pinus,Pinaceae,,evergreen,needleleaved
Pinus mugo,Pinus,Pinaceae,Q147475,evergreen,needleleaved
Pinus nigra,Pinus,Pinaceae,Q145954,evergreen,needleleaved
Pinus palustris,Pinus,Pinaceae,,evergreen,needleleaved
Pinus parviflora,Pinus,Pinaceae,Q178116,evergreen,needleleaved
Pinus patula,Pinus,Pinaceae,,evergreen,needleleaved
Pinus peuce,Pinus,Pinaceae,,evergreen,needleleaved
Pinus pinaster,Pinus,Pinaceae,Q271582,evergreen,needleleaved
Pinus pinea,Pinus,Pinaceae,Q106094,evergreen,needleleaved
Pinus ponderosa,Pinus,Pinaceae,,evergreen,needleleaved
Pinus pumila,Pinus,Pinaceae,,evergreen,needleleaved
Pinus radiata,Pinus,Pinaceae,Q748888,evergreen,needleleaved
Pinus resinosa,Pinus,Pinaceae,Q2045958,evergreen,needleleaved
Pinus rigida,Pinus,Pinaceae,,evergreen,needleleaved
Pinus sabiniana,Pinus,Pinaceae,,evergreen,needleleaved
Pinus sibirica,Pinus,Pinaceae,,evergreen,needleleaved
Pinus spectabilis,Pinus,Pinaceae,,evergreen,needleleaved
Pinus strobiformis,Pinus,Pinaceae,,evergreen,needleleaved
Pinus strobus,Pinus,Pinaceae,Q157230,evergreen,needleleaved
Pinus sylvestris,Pinus,Pinaceae,Q133128,evergreen,needleleaved
Pinus tabuliformis,Pinus,Pinaceae,,evergreen,needleleaved
Pinus taeda,Pinus,Pinaceae,,evergreen,needleleaved
Pinus thunbergii,Pinus,Pinaceae,,evergreen,needleleaved
Pinus torreyana,Pinus,Pinaceae,,evergreen,needleleaved
Pinus uncinata,Pinus,Pinaceae,,evergreen,needleleaved
Pinus virginiana,Pinus,Pinaceae,,evergreen,needleleaved
Pinus wallichiana,Pinus,Pinaceae,Q747652,evergreen,needleleaved
Piper nigrum,Piper,Piperaceae,,evergreen,broadleaved
Pistacia atlantica,Pistacia,Anacardiaceae,,deciduous,broadleaved
Pistacia chinensis,Pistacia,Anacardiaceae,,deciduous,broadleaved
Pistacia lentiscus,Pistacia,Anacardiaceae,,evergreen,broadleaved
Pistacia terebinthus,Pistacia,Anacardiaceae,,deciduous,broadleaved
Pithecellobium dulce,Pithecellobium,Fabaceae,,evergreen,broadleaved
Pittosporum crassifolium,Pittosporum,Pittosporaceae,,evergreen,broadleaved
Pittosporum eugenioides,Pittosporum,Pittosporaceae,,deciduous,broadleaved
Pittosporum phillyreoides,Pittosporum,Pittosporaceae,,deciduous,broadleaved
Pittosporum taitense,Pittosporum,Pittosporaceae,,evergreen,broadleaved
Pittosporum tenuifolium,Pittosporum,Pittosporaceae,,evergreen,broadleaved
Pittosporum tobira,Pittosporum,Pittosporaceae,,evergreen,broadleaved
Pittosporum undulatum,Pittosporum,Pittosporaceae,,evergreen,broadleaved
Platanus acerifolia,Platanus,Platanaceae,Q161374,deciduous,broadleaved
Platanus hispanica,Platanus,Platanaceae,Q161374,deciduous,broadleaved
Platanus hybrida,Platanus,Platanaceae,Q161374,deciduous,broadleaved
Platanus mexicana,Platanus,Platanaceae,,deciduous,broadleaved
Platanus occidentalis,Platanus,Platanaceae,Q157739,deciduous,broadleaved
Platanus orientalis,Platanus,Platanaceae,Q161105,deciduous,broadleaved
Platanus racemosa,Platanus,Platanaceae,,deciduous,broadleaved
Platanus wrightii,Platanus,Platanaceae,,deciduous,broadleaved
Platanus × acerifolia,Platanus,Platanaceae,Q161374,deciduous,broadleaved
Platanus × hispanica,Platanus,Platanaceae,Q161374,deciduous,broadleaved
Platanus × hybrida,Platanus,Platanaceae,Q161374,deciduous,broadleaved
Platycarya strobilacea,Platycarya,Juglandaceae,,deciduous,broadleaved
Platycladus orientalis,Platycladus,Cupressaceae,Q33482,evergreen,needleleaved
Platypodium elegans,Platypodium,Fabaceae,,evergreen,broadleaved
Plectrocarpa arborea,Plectrocarpa,Zygophyllaceae,,deciduous,broadleaved
Pleroma urvilleanum,Pleroma,Melastomataceae,,evergreen,broadleaved
Plinia cauliflora,Plinia,Myrtaceae,,evergreen,broadleaved
Plumeria alba,Plumeria,Apocynaceae,,deciduous,broadleaved
Plumeria obtusa,Plumeria,Apocynaceae,,deciduous,broadleaved
Plumeria pudica,Plumeria,Apocynaceae,,evergreen,broadleaved
Plumeria rubra,Plumeria,Apocynaceae,,deciduous,broadleaved
Podocarpus macrophyllus,Podocarpus,Podocarpaceae,,evergreen,needleleaved
Podocarpus nubigenus,Podocarpus,Podocarpaceae,Q823016,evergreen,needleleaved
Podocarpus salignus,Podocarpus,Podocarpaceae,,evergreen,needleleaved
Podocarpus totara,Podocarpus,Podocarpaceae,,deciduous,needleleaved
Poliothyrsis sinensis,Poliothyrsis,Salicaceae,,deciduous,broadleaved
Polyalthia longifolia,Polyalthia,Annonaceae,,evergreen,broadleaved
Poncirus trifoliata,Poncirus,Rutaceae,,deciduous,broadleaved
Pongamia pinnata,Pongamia,Fabaceae,,evergreen,broadleaved
Populus alba,Populus,Salicaceae,Q146269,deciduous,broadleaved
Populus angustifolia,Populus,Salicaceae,Q149471,deciduous,broadleaved
Populus balsamifera,Populus,Salicaceae,Q149471,deciduous,broadleaved
Populus berolinensis,Populus,Salicaceae,Q4460779,deciduous,broadleaved
Populus bolleana,Populus,Salicaceae,Q146269,deciduous,broadleaved
Populus canadensis,Populus,Salicaceae,Q149319,deciduous,broadleaved
Populus canescens,Populus,Salicaceae,Q149553,deciduous,broadleaved
Populus deltoides,Populus,Salicaceae,Q149319,deciduous,broadleaved
Populus euramericana,Populus,Salicaceae,Q149622,deciduous,broadleaved
Populus fremontii,Populus,Salicaceae,,deciduous,broadleaved
Populus grandidentata,Populus,Salicaceae,,deciduous,broadleaved
Populus hybrida,Populus,Salicaceae,Q146269,deciduous,broadleaved
Populus italica,Populus,Salicaceae,Q147064,deciduous,broadleaved
Populus jackii,Populus,Salicaceae,,deciduous,broadleaved
Populus lasiocarpa,Populus,Salicaceae,,deciduous,broadleaved
Populus maximowiczii,Populus,Salicaceae,,deciduous,broadleaved
Populus nigra,Populus,Salicaceae,Q147064,deciduous,broadleaved
Populus pyramidalis,Populus,Salicaceae,Q147064,deciduous,broadleaved
Populus serotina,Populus,Salicaceae,Q149622,deciduous,broadleaved
Populus sibirica,Populus,Salicaceae,Q469576,deciduous,broadleaved
Populus simonii,Populus,Salicaceae,Q182756,deciduous,broadleaved
Populus suaveolens,Populus,Salicaceae,,deciduous,broadleaved
Populus tomentosa,Populus,Salicaceae,,deciduous,broadleaved
Populus tremula,Populus,Salicaceae,Q146110,deciduous,broadleaved
Populus tremuloides,Populus,Salicaceae,Q469576,deciduous,broadleaved
Populus trichocarpa,Populus,Salicaceae,,deciduous,broadleaved
Populus tristis,Populus,Salicaceae,,deciduous,broadleaved
Populus yunnanensis,Populus,Salicaceae,,deciduous,broadleaved
Populus × berolinensis,Populus,Salicaceae,Q4460779,deciduous,broadleaved
Populus × canadensis,Populus,Salicaceae,Q149622,deciduous,broadleaved
Populus × canescens,Populus,Salicaceae,Q149553,deciduous,broadleaved
Populus × euramericana,Populus,Salicaceae,Q149622,deciduous,broadleaved
Populus × ontariensis,Populus,Salicaceae,,deciduous,broadleaved
Populus × sibirica,Populus,Salicaceae,,deciduous,broadleaved
Populus × tomentosa,Populus,Salicaceae,,deciduous,broadleaved
Populus × viadri,Populus,Salicaceae,,deciduous,broadleaved
Pourthiaea villosa,Pourthiaea,Rosaceae,,deciduous,broadleaved
Pritchardia pacifica,Pritchardia,Arecaceae,,evergreen,palm
Prosopis caldenia,Prosopis,Fabaceae,,evergreen,broadleaved
Prosopis chilensis,Prosopis,Fabaceae,,evergreen,broadleaved
Prosopis cineraria,Prosopis,Fabaceae,,evergreen,broadleaved
Prosopis juliflora,Prosopis,Fabaceae,,evergreen,broadleaved
Prumnopitys andina,Prumnopitys,Podocarpaceae,,evergreen,needleleaved
Prunus americana,Prunus,Rosaceae,,deciduous,broadleaved
Prunus amygdalus,Prunus,Rosaceae,Q15545507,deciduous,broadleaved
Prunus armeniaca,Prunus,Rosaceae,Q37453,deciduous,broadleaved
Prunus avium,Prunus,Rosaceae,Q165137,deciduous,broadleaved
Prunus blireana,Prunus,Rosaceae,,deciduous,broadleaved
Prunus brigantina,Prunus,Rosaceae,Q3408630,deciduous,broadleaved
Prunus campanulata,Prunus,Rosaceae,,deciduous,broadleaved
Prunus cerasifera,Prunus,Rosaceae,Q146951,deciduous,broadleaved
Prunus cerasus,Prunus,Rosaceae,Q131517,deciduous,broadleaved
Prunus cyclamina,Prunus,Rosaceae,,deciduous,broadleaved
Prunus domestica,Prunus,Rosaceae,Q10878191,deciduous,broadleaved
Prunus dulcis,Prunus,Rosaceae,Q15545507,deciduous,broadleaved
Prunus effusa,Prunus,Rosaceae,,deciduous,broadleaved
Prunus eminens,Prunus,Rosaceae,,deciduous,broadleaved
Prunus fruticosa,Prunus,Rosaceae,,deciduous,broadleaved
Prunus gondouinii,Prunus,Rosaceae,,deciduous,broadleaved
Prunus hillieri,Prunus,Rosaceae,,deciduous,broadleaved
Prunus ilicifolia,Prunus,Rosaceae,,evergreen,broadleaved
Prunus incana,Prunus,Rosaceae,Q17235052,deciduous,broadleaved
Prunus incisa,Prunus,Rosaceae,Q3269605,deciduous,broadleaved
Prunus insititia,Prunus,Rosaceae,,deciduous,broadleaved
Prunus itosakura,Prunus,Rosaceae,,deciduous,broadleaved
Prunus jamasakura,Prunus,Rosaceae,,deciduous,broadleaved
Prunus japonica,Prunus,Rosaceae,Q1771825,deciduous,broadleaved
Prunus lannesiana,Prunus,Rosaceae,,deciduous,broadleaved
Prunus laurocerasus,Prunus,Rosaceae,Q157508,evergreen,broadleaved
Prunus lusitanica,Prunus,Rosaceae,Q1969110,evergreen,broadleaved
Prunus maackii,Prunus,Rosaceae,Q149392,deciduous,broadleaved
Prunus mahaleb,Prunus,Rosaceae,Q161920,deciduous,broadleaved
Prunus mume,Prunus,Rosaceae,,deciduous,broadleaved
Prunus nipponica,Prunus,Rosaceae,,deciduous,broadleaved
Prunus padus,Prunus,Rosaceae,Q165424,deciduous,broadleaved
Prunus pendula,Prunus,Rosaceae,Q131517,deciduous,broadleaved
Prunus pensylvanica,Prunus,Rosaceae,,deciduous,broadleaved
Prunus persica,Prunus,Rosaceae,Q13189,deciduous,broadleaved
Prunus salicina,Prunus,Rosaceae,,deciduous,broadleaved
Prunus sargentii,Prunus,Rosaceae,Q163039,deciduous,broadleaved
Prunus schmittii,Prunus,Rosaceae,,deciduous,broadleaved
Prunus serotina,Prunus,Rosaceae,Q158987,deciduous,broadleaved
Prunus serrula,Prunus,Rosaceae,Q164371,deciduous,broadleaved
Prunus serrulata,Prunus,Rosaceae,Q165321,deciduous,broadleaved
Prunus speciosa,Prunus,Rosaceae,,deciduous,broadleaved
Prunus spinosa,Prunus,Rosaceae,Q129018,deciduous,broadleaved
Prunus subhirtella,Prunus,Rosaceae,Q163070,deciduous,broadleaved
Prunus syriaca,Prunus,Rosaceae,,deciduous,broadleaved
Prunus tomentosa,Prunus,Rosaceae,,deciduous,broadleaved
Prunus triloba,Prunus,Rosaceae,,deciduous,broadleaved
Prunus umbellata,Prunus,Rosaceae,Q17235187,deciduous,broadleaved
Prunus virginiana,Prunus,Rosaceae,Q162829,deciduous,broadleaved
Prunus yedoensis,Prunus,Rosaceae,Q163078,deciduous,broadleaved
Prunus × blireana,Prunus,Rosaceae,,deciduous,broadleaved
Prunus × eminens,Prunus,Rosaceae,,deciduous,broadleaved
Prunus × fruticans,Prunus,Rosaceae,Q3408658,deciduous,broadleaved
Prunus × gondouinii,Prunus,Rosaceae,,deciduous,broadleaved
Prunus × hillieri,Prunus,Rosaceae,,deciduous,broadleaved
Prunus × lannesiana,Prunus,Rosaceae,,deciduous,broadleaved
Prunus × schmittii,Prunus,Rosaceae,,deciduous,broadleaved
Prunus × subhirtella,Prunus,Rosaceae,Q163070,deciduous,broadleaved
Prunus × syriaca,Prunus,Rosaceae,,deciduous,broadleaved
Prunus × yedoensis,Prunus,Rosaceae,Q163078,deciduous,broadleaved
Pseudobombax septenatum,Pseudobombax,Malvaceae,,evergreen,broadleaved
Pseudocydonia sinensis,Pseudocydonia,Rosaceae,,deciduous,broadleaved
Pseudolarix amabilis,Pseudolarix,Pinaceae,Q1458175,deciduous,needleleaved
Pseudotsuga menziesii,Pseudotsuga,Pinaceae,Q156687,evergreen,needleleaved
Psidium guajava,Psidium,Myrtaceae,,evergreen,broadleaved
Ptelea trifoliata,Ptelea,Rutaceae,,deciduous,broadleaved
Pterocarpus indicus,Pterocarpus,Fabaceae,,deciduous,broadleaved
Pterocarya caucasica,Pterocarya,Juglandaceae,Q121749,deciduous,broadleaved
Pterocarya fraxinifolia,Pterocarya,Juglandaceae,Q121749,deciduous,broadleaved
Pterocarya rhoifolia,Pterocarya,Juglandaceae,,deciduous,broadleaved
Pterocarya stenoptera,Pterocarya,Juglandaceae,,deciduous,broadleaved
Pteroceltis tatarinowii,Pteroceltis,Cannabaceae,,deciduous,broadleaved
Punica granatum,Punica,Lythraceae,,deciduous,broadleaved
Puya raimondii,Puya,Bromeliaceae,,evergreen,broadleaved
Pyracantha coccinea,Pyracantha,Rosaceae,,evergreen,broadleaved
Pyrus amygdaliformis,Pyrus,Rosaceae,,deciduous,broadleaved
Pyrus calleryana,Pyrus,Rosaceae,Q3079266,deciduous,broadleaved
Pyrus caucasica,Pyrus,Rosaceae,Q146281,deciduous,broadleaved
Pyrus communis,Pyrus,Rosaceae,Q146281,deciduous,broadleaved
Pyrus cordata,Pyrus,Rosaceae,Q7263791,deciduous,broadleaved
Pyrus domestica,Pyrus,Rosaceae,Q18593737,deciduous,broadleaved
Pyrus kawakamii,Pyrus,Rosaceae,Q3079266,deciduous,broadleaved
Pyrus malus,Pyrus,Rosaceae,Q18674606,deciduous,broadleaved
Pyrus nivalis,Pyrus,Rosaceae,,deciduous,broadleaved
Pyrus pyraster,Pyrus,Rosaceae,Q146281,deciduous,broadleaved
Pyrus pyrifolia,Pyrus,Rosaceae,,deciduous,broadleaved
Pyrus regelii,Pyrus,Rosaceae,,deciduous,broadleaved
Pyrus salicifolia,Pyrus,Rosaceae,,deciduous,broadleaved
Pyrus spinosa,Pyrus,Rosaceae,,deciduous,broadleaved
Pyrus ussuriensis,Pyrus,Rosaceae,,deciduous,broadleaved
Quercus acuta,Quercus,Fagaceae,Q1075957,evergreen,broadleaved
Quercus acutissima,Quercus,Fagaceae,,deciduous,broadleaved
Quercus agrifolia,Quercus,Fagaceae,,evergreen,broadleaved
Quercus alba,Quercus,Fagaceae,Q469555,deciduous,broadleaved
Quercus aliena,Quercus,Fagaceae,,deciduous,broadleaved
Quercus bicolor,Quercus,Fagaceae,Q142792,deciduous,broadleaved
Quercus calliprinos,Quercus,Fagaceae,,evergreen,broadleaved
Quercus canariensis,Quercus,Fagaceae,,deciduous,broadleaved
Quercus castaneifolia,Quercus,Fagaceae,,deciduous,broadleaved
Quercus cerrioides,Quercus,Fagaceae,,deciduous,broadleaved
Quercus cerris,Quercus,Fagaceae,Q157277,deciduous,broadleaved
Quercus coccifera,Quercus,Fagaceae,,evergreen,broadleaved
Quercus coccinea,Quercus,Fagaceae,Q854714,deciduous,broadleaved
Quercus congesta,Quercus,Fagaceae,,deciduous,broadleaved
Quercus crenata,Quercus,Fagaceae,Q15337558,evergreen,broadleaved
Quercus crispula,Quercus,Fagaceae,,deciduous,broadleaved
Quercus dalechampii,Quercus,Fagaceae,,deciduous,broadleaved
Quercus dentata,Quercus,Fagaceae,Q4112855,deciduous,broadleaved
Quercus douglasii,Quercus,Fagaceae,,deciduous,broadleaved
Quercus ellipsoidalis,Quercus,Fagaceae,,deciduous,broadleaved
Quercus faginea,Quercus,Fagaceae,,deciduous,broadleaved
Quercus falcata,Quercus,Fagaceae,,deciduous,broadleaved
Quercus fastigiata,Quercus,Fagaceae,Q165145,deciduous,broadleaved
Quercus frainetto,Quercus,Fagaceae,Q857075,deciduous,broadleaved
Quercus gambelii,Quercus,Fagaceae,,deciduous,broadleaved
Quercus garryana,Quercus,Fagaceae,,deciduous,broadleaved
Quercus gilva,Quercus,Fagaceae,,evergreen,broadleaved
Quercus glauca,Quercus,Fagaceae,,evergreen,broadleaved
Quercus humboldtii,Quercus,Fagaceae,,evergreen,broadleaved
Quercus humilis,Quercus,Fagaceae,Q161415,deciduous,broadleaved
Quercus ilex,Quercus,Fagaceae,Q218155,evergreen,broadleaved
Quercus ilicifolia,Quercus,Fagaceae,Q218155,evergreen,broadleaved
Quercus imbricaria,Quercus,Fagaceae,Q528713,deciduous,broadleaved
Quercus ithaburensis,Quercus,Fagaceae,,deciduous,broadleaved
Quercus kelloggii,Quercus,Fagaceae,,deciduous,broadleaved
Quercus laevis,Quercus,Fagaceae,,deciduous,broadleaved
Quercus libani,Quercus,Fagaceae,,deciduous,broadleaved
Quercus lobata,Quercus,Fagaceae,,deciduous,broadleaved
Quercus lusitanica,Quercus,Fagaceae,,deciduous,broadleaved
Quercus lyrata,Quercus,Fagaceae,,deciduous,broadleaved
Quercus macranthera,Quercus,Fagaceae,,deciduous,broadleaved
Quercus macrocarpa,Quercus,Fagaceae,Q1082365,deciduous,broadleaved
Quercus macrolepis,Quercus,Fagaceae,,deciduous,broadleaved
Quercus marilandica,Quercus,Fagaceae,,deciduous,broadleaved
Quercus michauxii,Quercus,Fagaceae,Q1460497,deciduous,broadleaved
Quercus mongolica,Quercus,Fagaceae,,deciduous,broadleaved
Quercus montana,Quercus,Fagaceae,,deciduous,broadleaved
Quercus muehlenbergii,Quercus,Fagaceae,Q2611816,deciduous,broadleaved
Quercus myrsinifolia,Quercus,Fagaceae,,evergreen,broadleaved
Quercus nigra,Quercus,Fagaceae,Q4112855,deciduous,broadleaved
Quercus pagoda,Quercus,Fagaceae,,deciduous,broadleaved
Quercus palustris,Quercus,Fagaceae,Q161253,deciduous,broadleaved
Quercus pedunculata,Quercus,Fagaceae,Q165145,deciduous,broadleaved
Quercus petraea,Quercus,Fagaceae,Q158608,deciduous,broadleaved
Quercus phellos,Quercus,Fagaceae,Q783224,deciduous,broadleaved
Quercus phillyreoides,Quercus,Fagaceae,,evergreen,broadleaved
Quercus polymorpha,Quercus,Fagaceae,,evergreen,broadleaved
Quercus pontica,Quercus,Fagaceae,,deciduous,broadleaved
Quercus prinus,Quercus,Fagaceae,Q1460497,deciduous,broadleaved
Quercus pubescens,Quercus,Fagaceae,Q161415,deciduous,broadleaved
Quercus pyrenaica,Quercus,Fagaceae,Q899686,deciduous,broadleaved
Quercus robur,Quercus,Fagaceae,Q165145,deciduous,broadleaved
Quercus rotundifolia,Quercus,Fagaceae,,evergreen,broadleaved
Quercus rubra,Quercus,Fagaceae,Q147525,deciduous,broadleaved
Quercus rysophylla,Quercus,Fagaceae,,evergreen,broadleaved
Quercus schochiana,Quercus,Fagaceae,,deciduous,broadleaved
Quercus serrata,Quercus,Fagaceae,,deciduous,broadleaved
Quercus shumardii,Quercus,Fagaceae,,deciduous,broadleaved
Quercus stellata,Quercus,Fagaceae,,deciduous,broadleaved
Quercus suber,Quercus,Fagaceae,Q156137,evergreen,broadleaved
Quercus texana,Quercus,Fagaceae,,deciduous,broadleaved
Quercus trojana,Quercus,Fagaceae,,deciduous,broadleaved
Quercus turneri,Quercus,Fagaceae,,deciduous,broadleaved
Quercus variabilis,Quercus,Fagaceae,Q192608,deciduous,broadleaved
Quercus velutina,Quercus,Fagaceae,Q1001011,deciduous,broadleaved
Quercus virgiliana,Quercus,Fagaceae,Q161415,deciduous,broadleaved
Quercus virginiana,Quercus,Fagaceae,Q1758722,evergreen,broadleaved
Quercus × bebbiana,Quercus,Fagaceae,,deciduous,broadleaved
Quercus × bimundorum,Quercus,Fagaceae,,deciduous,broadleaved
Quercus × cerrioides,Quercus,Fagaceae,,deciduous,broadleaved
Quercus × heterophylla,Quercus,Fagaceae,,deciduous,broadleaved
Quercus × hispanica,Quercus,Fagaceae,Q15337558,evergreen,broadleaved
Quercus × kewensis,Quercus,Fagaceae,,evergreen,broadleaved
Quercus × rosacea,Quercus,Fagaceae,,deciduous,broadleaved
Quercus × schochiana,Quercus,Fagaceae,,deciduous,broadleaved
Quercus × streimii,Quercus,Fagaceae,,deciduous,broadleaved
Quercus × turneri,Quercus,Fagaceae,,deciduous,broadleaved
Quercus × warei,Quercus,Fagaceae,,deciduous,broadleaved
Quillaja saponaria,Quillaja,Quillajaceae,,evergreen,broadleaved
Ravenala madagascariensis,Ravenala,Strelitziaceae,,evergreen,broadleaved
Rhamnus alaternus,Rhamnus,Rhamnaceae,,evergreen,broadleaved
Rhamnus cathartica,Rhamnus,Rhamnaceae,Q147861,deciduous,broadleaved
Rhaphithamnus spinosus,Rhaphithamnus,Verbenaceae,,evergreen,broadleaved
Rhapis excelsa,Rhapis,Arecaceae,,deciduous,palm
Rhododendron arboreum,Rhododendron,Ericaceae,,evergreen,broadleaved
Rhododendron ferrugineum,Rhododendron,Ericaceae,,evergreen,broadleaved
Rhododendron indicum,Rhododendron,Ericaceae,,deciduous,broadleaved
Rhododendron japonoheptamerum,Rhododendron,Ericaceae,,evergreen,broadleaved
Rhododendron ponticum,Rhododendron,Ericaceae,,evergreen,broadleaved
Rhodoleia championii,Rhodoleia,Hamamelidaceae,,evergreen,broadleaved
Rhopalostylis sapida,Rhopalostylis,Arecaceae,,evergreen,palm
Rhus integrifolia,Rhus,Anacardiaceae,,evergreen,broadleaved
Rhus typhina,Rhus,Anacardiaceae,Q148986,deciduous,broadleaved
Ribes nigrum,Ribes,Grossulariaceae,,deciduous,broadleaved
Ribes rubrum,Ribes,Grossulariaceae,,deciduous,broadleaved
Ricinus communis,Ricinus,Euphorbiaceae,,evergreen,broadleaved
Robinia hispida,Robinia,Fabaceae,Q894236,deciduous,broadleaved
Robinia neomexicana,Robinia,Fabaceae,Q1635788,deciduous,broadleaved
Robinia pseudoacacia,Robinia,Fabaceae,Q157417,deciduous,broadleaved
Robinia umbraculifera,Robinia,Fabaceae,Q157417,deciduous,broadleaved
Robinia viscosa,Robinia,Fabaceae,Q159627,deciduous,broadleaved
Robinia × ambigua,Robinia,Fabaceae,Q3437174,deciduous,broadleaved
Robinia × holdtii,Robinia,Fabaceae,Q21370548,deciduous,broadleaved
Robinia × longiloba,Robinia,Fabaceae,Q21370549,deciduous,broadleaved
Robinia × margaretta,Robinia,Fabaceae,Q113251931,deciduous,broadleaved
Rosa canina,Rosa,Rosaceae,,deciduous,broadleaved
Rosmarinus officinalis,Rosmarinus,Lamiaceae,,evergreen,broadleaved
Roystonea elata,Roystonea,Arecaceae,Q1069046,evergreen,palm
Roystonea oleracea,Roystonea,Arecaceae,Q141233,evergreen,palm
Roystonea regia,Roystonea,Arecaceae,Q1069046,evergreen,palm
Ruscus aculeatus,Ruscus,Asparagaceae,,evergreen,broadleaved
Sabal domingensis,Sabal,Arecaceae,,deciduous,palm
Sabal mauritiiformis,Sabal,Arecaceae,,evergreen,palm
Sabal minor,Sabal,Arecaceae,,evergreen,palm
Sabal palmetto,Sabal,Arecaceae,Q1088471,evergreen,palm
Salix acutifolia,Salix,Salicaceae,,deciduous,broadleaved
Salix alba,Salix,Salicaceae,Q156918,deciduous,broadleaved
Salix appendiculata,Salix,Salicaceae,,deciduous,broadleaved
Salix atrocinerea,Salix,Salicaceae,Q3320649,deciduous,broadleaved
Salix aurita,Salix,Salicaceae,Q157519,deciduous,broadleaved
Salix babylonica,Salix,Salicaceae,Q156307,deciduous,broadleaved
Salix caprea,Salix,Salicaceae,Q159565,deciduous,broadleaved
Salix chilensis,Salix,Salicaceae,,deciduous,broadleaved
Salix cinerea,Salix,Salicaceae,Q157540,deciduous,broadleaved
Salix daphnoides,Salix,Salicaceae,,deciduous,broadleaved
Salix discolor,Salix,Salicaceae,,deciduous,broadleaved
Salix eleagnos,Salix,Salicaceae,,deciduous,broadleaved
Salix euxina,Salix,Salicaceae,Q18119933,deciduous,broadleaved
Salix fragilis,Salix,Salicaceae,Q157518,deciduous,broadleaved
Salix hultenii,Salix,Salicaceae,Q159565,deciduous,broadleaved
Salix humboldtiana,Salix,Salicaceae,,deciduous,broadleaved
Salix integra,Salix,Salicaceae,,deciduous,broadleaved
Salix laevigata,Salix,Salicaceae,,deciduous,broadleaved
Salix matsudana,Salix,Salicaceae,Q156307,deciduous,broadleaved
Salix nigra,Salix,Salicaceae,,evergreen,broadleaved
Salix pentandra,Salix,Salicaceae,Q158912,deciduous,broadleaved
Salix purpurea,Salix,Salicaceae,,deciduous,broadleaved
Salix rubens,Salix,Salicaceae,,deciduous,broadleaved
Salix sepulcralis,Salix,Salicaceae,Q10497720,deciduous,broadleaved
Salix silesiaca,Salix,Salicaceae,,deciduous,broadleaved
Salix tetrasperma,Salix,Salicaceae,,evergreen,broadleaved
Salix tortuosa,Salix,Salicaceae,Q157540,deciduous,broadleaved
Salix triandra,Salix,Salicaceae,,deciduous,broadleaved
Salix viminalis,Salix,Salicaceae,Q158590,deciduous,broadleaved
Salix × chrysocoma,Salix,Salicaceae,Q10497720,deciduous,broadleaved
Salix × fragilis,Salix,Salicaceae,,deciduous,broadleaved
Salix × pendulina,Salix,Salicaceae,Q10497720,deciduous,broadleaved
Salix × rubens,Salix,Salicaceae,,deciduous,broadleaved
Salix × sepulcralis,Salix,Salicaceae,Q10497720,deciduous,broadleaved
Salvia rosmarinus,Salvia,Lamiaceae,,evergreen,broadleaved
Samanea saman,Samanea,Fabaceae,,deciduous,broadleaved
Samanea tubulosa,Samanea,Fabaceae,,deciduous,broadleaved
Sambucus canadensis,Sambucus,Viburnaceae,Q21877280,deciduous,broadleaved
Sambucus nigra,Sambucus,Viburnaceae,Q22701,deciduous,broadleaved
Sambucus racemosa,Sambucus,Viburnaceae,,deciduous,broadleaved
Sapindus mukorossi,Sapindus,Sapindaceae,,deciduous,broadleaved
Sapindus rarak,Sapindus,Sapindaceae,,evergreen,broadleaved
Sapindus saponaria,Sapindus,Sapindaceae,,evergreen,broadleaved
Sarcomphalus joazeiro,Sarcomphalus,Rhamnaceae,,evergreen,broadleaved
Saribus rotundifolius,Saribus,Arecaceae,,deciduous,palm
Sassafras albidum,Sassafras,Lauraceae,,deciduous,broadleaved
Saxegothaea conspicua,Saxegothaea,Podocarpaceae,,evergreen,needleleaved
Scandosorbus intermedia,Scandosorbus,Rosaceae,Q139936592,deciduous,broadleaved
Schefflera actinophylla,Schefflera,Araliaceae,,evergreen,broadleaved
Schima wallichii,Schima,Theaceae,,evergreen,broadleaved
Schinus areira,Schinus,Anacardiaceae,,evergreen,broadleaved
Schinus molle,Schinus,Anacardiaceae,Q855896,evergreen,broadleaved
Schinus terebinthifolia,Schinus,Anacardiaceae,,evergreen,broadleaved
Schizolobium parahyba,Schizolobium,Fabaceae,,deciduous,broadleaved
Sciadopitys verticillata,Sciadopitys,Sciadopityaceae,,evergreen,needleleaved
Searsia lancea,Searsia,Anacardiaceae,,evergreen,broadleaved
Semiarundinaria fastuosa,Semiarundinaria,Poaceae,,deciduous,broadleaved
Senna candolleana,Senna,Fabaceae,,evergreen,broadleaved
Senna siamea,Senna,Fabaceae,,evergreen,broadleaved
Senna spectabilis,Senna,Fabaceae,,deciduous,broadleaved
Sequoia gigantea,Sequoia,Cupressaceae,Q149851,evergreen,needleleaved
Sequoia sempervirens,Sequoia,Cupressaceae,Q150129,evergreen,needleleaved
Sequoiadendron giganteum,Sequoiadendron,Cupressaceae,Q149851,evergreen,needleleaved
Sesbania punicea,Sesbania,Fabaceae,,deciduous,broadleaved
Shorea robusta,Shorea,Dipterocarpaceae,,deciduous,broadleaved
Socratea exorrhiza,Socratea,Arecaceae,,deciduous,palm
Solanum aviculare,Solanum,Solanaceae,,deciduous,broadleaved
Sophora cassioides,Sophora,Fabaceae,,evergreen,broadleaved
Sophora japonica,Sophora,Fabaceae,Q288558,deciduous,broadleaved
Sophora sinensis,Sophora,Fabaceae,Q288558,deciduous,broadleaved
Sophora tomentosa,Sophora,Fabaceae,Q3206158,deciduous,broadleaved
Sorbus alnifolia,Sorbus,Rosaceae,,deciduous,broadleaved
Sorbus americana,Sorbus,Rosaceae,,deciduous,broadleaved
Sorbus aria,Sorbus,Rosaceae,Q41068995,deciduous,broadleaved
Sorbus aucuparia,Sorbus,Rosaceae,Q146198,deciduous,broadleaved
Sorbus austriaca,Sorbus,Rosaceae,,deciduous,broadleaved
Sorbus commixta,Sorbus,Rosaceae,,deciduous,broadleaved
Sorbus cuspidata,Sorbus,Rosaceae,,deciduous,broadleaved
Sorbus decora,Sorbus,Rosaceae,,deciduous,broadleaved
Sorbus discolor,Sorbus,Rosaceae,,deciduous,broadleaved
Sorbus domestica,Sorbus,Rosaceae,Q18593737,deciduous,broadleaved
Sorbus hupehensis,Sorbus,Rosaceae,,deciduous,broadleaved
Sorbus hybrida,Sorbus,Rosaceae,,deciduous,broadleaved
Sorbus incana,Sorbus,Rosaceae,,deciduous,broadleaved
Sorbus intermedia,Sorbus,Rosaceae,,deciduous,broadleaved
Sorbus latifolia,Sorbus,Rosaceae,,deciduous,broadleaved
Sorbus mougeotii,Sorbus,Rosaceae,,deciduous,broadleaved
Sorbus scalaris,Sorbus,Rosaceae,Q1037204,deciduous,broadleaved
Sorbus thuringiaca,Sorbus,Rosaceae,,deciduous,broadleaved
Sorbus torminalis,Sorbus,Rosaceae,Q139936561,deciduous,broadleaved
Sorbus ulleungensis,Sorbus,Rosaceae,,deciduous,broadleaved
Sorbus vilmorinii,Sorbus,Rosaceae,Q1037212,deciduous,broadleaved
Sorbus × arnoldiana,Sorbus,Rosaceae,,deciduous,broadleaved
Sorbus × incana,Sorbus,Rosaceae,,deciduous,broadleaved
Sorbus × thuringiaca,Sorbus,Rosaceae,,deciduous,broadleaved
Spathodea campanulata,Spathodea,Bignoniaceae,,evergreen,broadleaved
Spondias dulcis,Spondias,Anacardiaceae,,deciduous,broadleaved
Spondias mombin,Spondias,Anacardiaceae,,deciduous,broadleaved
Spondias purpurea,Spondias,Anacardiaceae,,evergreen,broadleaved
Spondias tuberosa,Spondias,Anacardiaceae,,deciduous,broadleaved
Staphylea colchica,Staphylea,Staphyleaceae,,deciduous,broadleaved
Staphylea pinnata,Staphylea,Staphyleaceae,,deciduous,broadleaved
Stenocarpus sinuatus,Stenocarpus,Proteaceae,,deciduous,broadleaved
Stephanandra incisa,Stephanandra,Rosaceae,,deciduous,broadleaved
Sterculia apetala,Sterculia,Malvaceae,,deciduous,broadleaved
Sterculia foetida,Sterculia,Malvaceae,,evergreen,broadleaved
Sterculia platanifolia,Sterculia,Malvaceae,,deciduous,broadleaved
Sterculia striata,Sterculia,Malvaceae,,deciduous,broadleaved
Stewartia pseudocamellia,Stewartia,Theaceae,Q1041653,deciduous,broadleaved
Strelitzia nicolai,Strelitzia,Strelitziaceae,,deciduous,broadleaved
Styphnolobium japonicum,Styphnolobium,Fabaceae,Q288558,deciduous,broadleaved
Styrax americanus,Styrax,Styracaceae,Q6134685,deciduous,broadleaved
Styrax grandifolius,Styrax,Styracaceae,Q15312861,deciduous,broadleaved
Styrax japonicus,Styrax,Styracaceae,Q910419,deciduous,broadleaved
Styrax obassia,Styrax,Styracaceae,,deciduous,broadleaved
Styrax platanifolius,Styrax,Styracaceae,Q7629799,deciduous,broadleaved
Swartzia robiniifolia,Swartzia,Fabaceae,,evergreen,broadleaved
Swietenia macrophylla,Swietenia,Meliaceae,,deciduous,broadleaved
Swietenia mahagoni,Swietenia,Meliaceae,,deciduous,broadleaved
Swietenia mahogani,Swietenia,Meliaceae,,deciduous,broadleaved
Swinglea glutinosa,Swinglea,Rutaceae,,deciduous,broadleaved
Syagrus coronata,Syagrus,Arecaceae,,evergreen,palm
Syagrus oleracea,Syagrus,Arecaceae,,deciduous,palm
Syagrus romanzoffiana,Syagrus,Arecaceae,,evergreen,palm
Syagrus sancona,Syagrus,Arecaceae,,evergreen,palm
Sycopsis sinensis,Sycopsis,Hamamelidaceae,,evergreen,broadleaved
Symplocos nakaharae,Symplocos,Symplocaceae,,evergreen,broadleaved
Synechanthus warscewiczianus,Synechanthus,Arecaceae,,evergreen,palm
Syringa pekinensis,Syringa,Oleaceae,Q17713034,deciduous,broadleaved
Syringa reticulata,Syringa,Oleaceae,Q1683340,deciduous,broadleaved
Syringa villosa,Syringa,Oleaceae,,deciduous,broadleaved
Syringa vulgaris,Syringa,Oleaceae,Q6565319,deciduous,broadleaved
Syringa × prestoniae,Syringa,Oleaceae,,deciduous,broadleaved
Syzygium australe,Syzygium,Myrtaceae,,evergreen,broadleaved
Syzygium borbonicum,Syzygium,Myrtaceae,,evergreen,broadleaved
Syzygium cumini,Syzygium,Myrtaceae,,evergreen,broadleaved
Syzygium floribundum,Syzygium,Myrtaceae,,evergreen,broadleaved
Syzygium jambos,Syzygium,Myrtaceae,,evergreen,broadleaved
Syzygium malaccense,Syzygium,Myrtaceae,,deciduous,broadleaved
Syzygium myrtifolium,Syzygium,Myrtaceae,,evergreen,broadleaved
Syzygium paniculatum,Syzygium,Myrtaceae,,evergreen,broadleaved
Syzygium smithii,Syzygium,Myrtaceae,,deciduous,broadleaved
Tabebuia aurea,Tabebuia,Bignoniaceae,,deciduous,broadleaved
Tabebuia avellanedae,Tabebuia,Bignoniaceae,,deciduous,broadleaved
Tabebuia chrysantha,Tabebuia,Bignoniaceae,,evergreen,broadleaved
Tabebuia heterophylla,Tabebuia,Bignoniaceae,,deciduous,broadleaved
Tabebuia impetiginosa,Tabebuia,Bignoniaceae,,deciduous,broadleaved
Tabebuia pentaphylla,Tabebuia,Bignoniaceae,,deciduous,broadleaved
Tabebuia rosea,Tabebuia,Bignoniaceae,,deciduous,broadleaved
Tabebuia roseoalba,Tabebuia,Bignoniaceae,,deciduous,broadleaved
Tabernaemontana divaricata,Tabernaemontana,Apocynaceae,,deciduous,broadleaved
Taiwania cryptomerioides,Taiwania,Cupressaceae,Q390313,evergreen,needleleaved
Tamarindus indica,Tamarindus,Fabaceae,,deciduous,broadleaved
Tamarix africana,Tamarix,Tamaricaceae,,evergreen,broadleaved
Tamarix aphylla,Tamarix,Tamaricaceae,,evergreen,broadleaved
Tamarix gallica,Tamarix,Tamaricaceae,,deciduous,broadleaved
Tamarix parviflora,Tamarix,Tamaricaceae,,deciduous,broadleaved
Tamarix pentandra,Tamarix,Tamaricaceae,,deciduous,broadleaved
Tamarix ramosissima,Tamarix,Tamaricaceae,,deciduous,broadleaved
Tamarix tetrandra,Tamarix,Tamaricaceae,,deciduous,broadleaved
Taxodium ascendens,Taxodium,Cupressaceae,Q148950,deciduous,needleleaved
Taxodium distichum,Taxodium,Cupressaceae,Q148950,deciduous,needleleaved
Taxodium mucronatum,Taxodium,Cupressaceae,Q148950,deciduous,needleleaved
Taxus baccata,Taxus,Taxaceae,Q179729,evergreen,needleleaved
Taxus brevifolia,Taxus,Taxaceae,Q20655540,evergreen,needleleaved
Taxus canadensis,Taxus,Taxaceae,Q1723511,evergreen,needleleaved
Taxus cuspidata,Taxus,Taxaceae,Q1144815,evergreen,needleleaved
Taxus × media,Taxus,Taxaceae,,evergreen,needleleaved
Tecoma stans,Tecoma,Bignoniaceae,,evergreen,broadleaved
Tectona grandis,Tectona,Lamiaceae,,evergreen,broadleaved
Terminalia arjuna,Terminalia,Combretaceae,,deciduous,broadleaved
Terminalia boivinii,Terminalia,Combretaceae,Q15573081,contribute,broadleaved
Terminalia buceras,Terminalia,Combretaceae,,deciduous,broadleaved
Terminalia catappa,Terminalia,Combretaceae,,deciduous,broadleaved
Terminalia chebula,Terminalia,Combretaceae,,deciduous,broadleaved
Terminalia ivorensis,Terminalia,Combretaceae,,deciduous,broadleaved
Terminalia mantaly,Terminalia,Combretaceae,,evergreen,broadleaved
Terminalia muelleri,Terminalia,Combretaceae,,deciduous,broadleaved
Terminalia tetraphylla,Terminalia,Combretaceae,,evergreen,broadleaved
Ternstroemia gymnanthera,Ternstroemia,Pentaphylacaceae,,evergreen,broadleaved
Tetraclinis articulata,Tetraclinis,Cupressaceae,,deciduous,needleleaved
Tetradium daniellii,Tetradium,Rutaceae,Q837237,evergreen,broadleaved
Theobroma cacao,Theobroma,Malvaceae,,evergreen,broadleaved
Thevetia peruviana,Thevetia,Apocynaceae,,evergreen,broadleaved
Thrinax parviflora,Thrinax,Arecaceae,,deciduous,palm
Thuja koraiensis,Thuja,Cupressaceae,,evergreen,needleleaved
Thuja occidentalis,Thuja,Cupressaceae,Q147468,evergreen,needleleaved
Thuja orientalis,Thuja,Cupressaceae,Q33482,evergreen,needleleaved
Thuja plicata,Thuja,Cupressaceae,Q147417,evergreen,needleleaved
Thuja standishii,Thuja,Cupressaceae,,evergreen,needleleaved
Thujopsis dolabrata,Thujopsis,Cupressaceae,,evergreen,needleleaved
Tibouchina urvilleana,Tibouchina,Melastomataceae,,evergreen,broadleaved
Tilia americana,Tilia,Malvaceae,Q163981,deciduous,broadleaved
Tilia argentea,Tilia,Malvaceae,Q161382,deciduous,broadleaved
Tilia cordata,Tilia,Malvaceae,Q158746,deciduous,broadleaved
Tilia dasystyla,Tilia,Malvaceae,Q1353171,deciduous,broadleaved
Tilia euchlora,Tilia,Malvaceae,Q159657,deciduous,broadleaved
Tilia europaea,Tilia,Malvaceae,Q163760,deciduous,broadleaved
Tilia flavescens,Tilia,Malvaceae,Q156831,deciduous,broadleaved
Tilia henryana,Tilia,Malvaceae,Q142912,deciduous,broadleaved
Tilia intermedia,Tilia,Malvaceae,,deciduous,broadleaved
Tilia japonica,Tilia,Malvaceae,,deciduous,broadleaved
Tilia kiusiana,Tilia,Malvaceae,,deciduous,broadleaved
Tilia mandshurica,Tilia,Malvaceae,,deciduous,broadleaved
Tilia maximowicziana,Tilia,Malvaceae,,deciduous,broadleaved
Tilia miqueliana,Tilia,Malvaceae,,deciduous,broadleaved
Tilia mongolica,Tilia,Malvaceae,Q1944479,deciduous,broadleaved
Tilia oliveri,Tilia,Malvaceae,,deciduous,broadleaved
Tilia platyphyllos,Tilia,Malvaceae,Q156831,deciduous,broadleaved
Tilia tomentosa,Tilia,Malvaceae,Q161382,deciduous,broadleaved
Tilia × euchlora,Tilia,Malvaceae,Q159657,deciduous,broadleaved
Tilia × europaea,Tilia,Malvaceae,Q163760,deciduous,broadleaved
Tilia × flaccida,Tilia,Malvaceae,,deciduous,broadleaved
Tilia × flavescens,Tilia,Malvaceae,,deciduous,broadleaved
Tilia × intermedia,Tilia,Malvaceae,Q163760,deciduous,broadleaved
Tilia × moltkei,Tilia,Malvaceae,,deciduous,broadleaved
Tilia × viridis,Tilia,Malvaceae,,deciduous,broadleaved
Tilia × vulgaris,Tilia,Malvaceae,Q163760,deciduous,broadleaved
Tipuana tipu,Tipuana,Fabaceae,Q2716902,deciduous,broadleaved
Toona calantas,Toona,Meliaceae,,evergreen,broadleaved
Toona sinensis,Toona,Meliaceae,,deciduous,broadleaved
Torminalis glaberrima,Torminalis,Rosaceae,Q41297526,deciduous,broadleaved
Torreya californica,Torreya,Taxaceae,,evergreen,needleleaved
Torreya nucifera,Torreya,Taxaceae,,evergreen,needleleaved
Toxicodendron vernicifluum,Toxicodendron,Anacardiaceae,,deciduous,broadleaved
Trachycarpus fortunei,Trachycarpus,Arecaceae,Q158383,evergreen,palm
Trachycarpus martianus,Trachycarpus,Arecaceae,Q145672,evergreen,palm
Trema micranthum,Trema,Cannabaceae,,deciduous,broadleaved
Triadica sebifera,Triadica,Euphorbiaceae,,deciduous,broadleaved
Trichilia emetica,Trichilia,Meliaceae,,deciduous,broadleaved
Triplaris americana,Triplaris,Polygonaceae,,evergreen,broadleaved
Tristaniopsis laurina,Tristaniopsis,Myrtaceae,,evergreen,broadleaved
Tsuga canadensis,Tsuga,Pinaceae,Q1137143,evergreen,needleleaved
Tsuga caroliniana,Tsuga,Pinaceae,,evergreen,needleleaved
Tsuga heterophylla,Tsuga,Pinaceae,Q1144409,evergreen,needleleaved
Tsuga mertensiana,Tsuga,Pinaceae,,evergreen,needleleaved
Ulmus americana,Ulmus,Ulmaceae,Q469382,deciduous,broadleaved
Ulmus campestris,Ulmus,Ulmaceae,Q147498,deciduous,broadleaved
Ulmus carpinifolia,Ulmus,Ulmaceae,Q3547946,deciduous,broadleaved
Ulmus crassifolia,Ulmus,Ulmaceae,Q7879431,deciduous,broadleaved
Ulmus davidiana,Ulmus,Ulmaceae,Q2109921,deciduous,broadleaved
Ulmus glabra,Ulmus,Ulmaceae,Q147498,deciduous,broadleaved
Ulmus hollandica,Ulmus,Ulmaceae,Q504004,deciduous,broadleaved
Ulmus japonica,Ulmus,Ulmaceae,Q1074099,deciduous,broadleaved
Ulmus laevis,Ulmus,Ulmaceae,Q147492,deciduous,broadleaved
Ulmus latifolia,Ulmus,Ulmaceae,Q147498,deciduous,broadleaved
Ulmus minor,Ulmus,Ulmaceae,Q147487,deciduous,broadleaved
Ulmus nigra,Ulmus,Ulmaceae,Q147498,deciduous,broadleaved
Ulmus parvifolia,Ulmus,Ulmaceae,Q1074099,deciduous,broadleaved
Ulmus procera,Ulmus,Ulmaceae,Q147487,deciduous,broadleaved
Ulmus propinqua,Ulmus,Ulmaceae,Q2109921,deciduous,broadleaved
Ulmus pumila,Ulmus,Ulmaceae,Q1079824,deciduous,broadleaved
Ulmus rubra,Ulmus,Ulmaceae,,deciduous,broadleaved
Ulmus thomasii,Ulmus,Ulmaceae,,deciduous,broadleaved
Ulmus × hollandica,Ulmus,Ulmaceae,Q504004,deciduous,broadleaved
Umbellularia californica,Umbellularia,Lauraceae,Q692162,evergreen,broadleaved
Vachellia caven,Vachellia,Fabaceae,,evergreen,broadleaved
Vachellia farnesiana,Vachellia,Fabaceae,,evergreen,broadleaved
Vachellia nilotica,Vachellia,Fabaceae,,deciduous,broadleaved
Vachellia sieberiana,Vachellia,Fabaceae,,deciduous,broadleaved
Vachellia tortilis,Vachellia,Fabaceae,,deciduous,broadleaved
Veitchia merrillii,Veitchia,Arecaceae,,evergreen,palm
Viburnum lantana,Viburnum,Viburnaceae,,deciduous,broadleaved
Viburnum opulus,Viburnum,Viburnaceae,Q156928,deciduous,broadleaved
Viburnum rhytidophyllum,Viburnum,Viburnaceae,,deciduous,broadleaved
Viburnum rugosum,Viburnum,Viburnaceae,Q130341059,evergreen,broadleaved
Viburnum tinus,Viburnum,Viburnaceae,Q1321268,evergreen,broadleaved
Viburnum trilobum,Viburnum,Viburnaceae,,deciduous,broadleaved
Virgilia oroboides,Virgilia,Fabaceae,,deciduous,broadleaved
Vitellaria paradoxa,Vitellaria,Sapotaceae,,deciduous,broadleaved
Vitex agnus-castus,Vitex,Lamiaceae,,deciduous,broadleaved
Vitex lucens,Vitex,Lamiaceae,,evergreen,broadleaved
Vitis vinifera,Vitis,Vitaceae,,deciduous,broadleaved
Washingtonia filifera,Washingtonia,Arecaceae,Q158389,evergreen,palm
Washingtonia robusta,Washingtonia,Arecaceae,Q158389,evergreen,palm
Waterhousea floribunda,Waterhousea,Myrtaceae,,evergreen,broadleaved
Weinmannia trichosperma,Weinmannia,Cunoniaceae,,evergreen,broadleaved
Wisteria floribunda,Wisteria,Fabaceae,,deciduous,broadleaved
Wisteria sinensis,Wisteria,Fabaceae,,deciduous,broadleaved
Wodyetia bifurcata,Wodyetia,Arecaceae,,evergreen,palm
Wollemia nobilis,Wollemia,Araucariaceae,Q190510,evergreen,needleleaved
Xanthocyparis nootkatensis,Xanthocyparis,Cupressaceae,Q23707222,evergreen,needleleaved
Yucca aloifolia,Yucca,Asparagaceae,,evergreen,broadleaved
Yucca elephantipes,Yucca,Asparagaceae,,evergreen,broadleaved
Yucca filifera,Yucca,Asparagaceae,,evergreen,broadleaved
Yucca gigantea,Yucca,Asparagaceae,,evergreen,broadleaved
Yucca gloriosa,Yucca,Asparagaceae,,evergreen,broadleaved
Yucca guatemalensis,Yucca,Asparagaceae,,evergreen,broadleaved
Zanthoxylum piperitum,Zanthoxylum,Rutaceae,,deciduous,broadleaved
Zanthoxylum simulans,Zanthoxylum,Rutaceae,,deciduous,broadleaved
Zelkova carpinifolia,Zelkova,Ulmaceae,Q1737093,deciduous,broadleaved
Zelkova serrata,Zelkova,Ulmaceae,Q920344,deciduous,broadleaved
Zelkova sinica,Zelkova,Ulmaceae,Q10935845,deciduous,broadleaved
Ziziphus joazeiro,Ziziphus,Rhamnaceae,,evergreen,broadleaved
Ziziphus jujuba,Ziziphus,Rhamnaceae,Q11181633,deciduous,broadleaved
Ziziphus mauritiana,Ziziphus,Rhamnaceae,,deciduous,broadleaved
Zygia longifolia,Zygia,Fabaceae,,evergreen,broadleaved
× Arsorbus thuringiaca,Arsorbus,Rosaceae,,deciduous,broadleaved
× Chitalpa tashkentensis,Chitalpa,Bignoniaceae,,deciduous,broadleaved
× Cupressocyparis leylandii,Cupressocyparis,Cupressaceae,Q42688380,evergreen,needleleaved
× Hesperotropsis leylandii,× Hesperotropsis,Cupressaceae,Q42688380,evergreen,needleleaved
